,index,0
0,IYCPMVXIUPYNHI-UHFFFAOYSA-N,7
1,NSEWTSAADLNHNH-UHFFFAOYSA-N,11
2,GLAAQZFBFGEBPS-UHFFFAOYSA-N,11
3,TZBJGXHYKVUXJN-UHFFFAOYSA-N,11
4,DJOJDHGQRNZXQQ-UHFFFAOYSA-N,3
5,OAUREGNZECGNQS-UHFFFAOYSA-N,9
6,FXNFHKRTJBSTCS-UHFFFAOYSA-N,9
7,FTVWIRXFELQLPI-UHFFFAOYSA-N,13
8,IQPNAANSBPBGFQ-UHFFFAOYSA-N,11
9,DXDRHHKMWQZJHT-UHFFFAOYSA-N,10
10,GPQLHGCIAUEJQK-UHFFFAOYSA-N,9
11,LYGPBZVKGHHTIE-UHFFFAOYSA-N,10
12,DEMKZLAVQYISIA-UHFFFAOYSA-N,10
13,YNWXJFQOCHMPCK-UHFFFAOYSA-N,10
14,AFHJQYHRLPMKHU-UHFFFAOYSA-N,10
15,CIAXXTSXVCLEJK-UHFFFAOYSA-N,2
16,SBHXYTNGIZCORC-UHFFFAOYSA-N,10
17,NYSZJNUIVUBQMM-UHFFFAOYSA-N,10
18,DRRWBCNQOKKKOL-UHFFFAOYSA-N,10
19,DJSISFGPUUYILV-UHFFFAOYSA-N,10
20,OXGUCUVFOIWWQJ-UHFFFAOYSA-N,11
21,XFZJEEAOWLFHDH-UHFFFAOYSA-N,22
22,NULBHTHMVOCGOE-UHFFFAOYSA-N,10
23,RMCRQBAILCLJGU-UHFFFAOYSA-N,10
24,PLAPMLGJVGLZOV-UHFFFAOYSA-N,11
25,REFJWTPEDVJJIY-UHFFFAOYSA-N,10
26,XIUVHOSBSDYXRG-UHFFFAOYSA-N,11
27,ULZLIYVOYYQJRO-UHFFFAOYSA-N,10
28,SLFZBNOERHGNMI-UHFFFAOYSA-N,2
29,ORXQGKIUCDPEAJ-UHFFFAOYSA-N,9
30,ISQRJFLLIDGZEP-UHFFFAOYSA-N,11
31,CXQWRCVTCMQVQX-UHFFFAOYSA-N,11
32,TYEYAUURGXCDJR-UHFFFAOYSA-N,2
33,YXOLAZRVSSWPPT-UHFFFAOYSA-N,10
34,AEDDIBAIWPIIBD-UHFFFAOYSA-N,6
35,CNOURESJATUGPN-UHFFFAOYSA-N,11
36,LCAWNFIFMLXZPQ-UHFFFAOYSA-N,2
37,QVGFPTYGKPLXPK-UHFFFAOYSA-N,11
38,GLDVIKFETPAZNV-UHFFFAOYSA-N,3
39,NKFZLEYLWAFYEH-UHFFFAOYSA-N,2
40,FURUXTVZLHCCNA-UHFFFAOYSA-N,11
41,KAZSKMJFUPEHHW-UHFFFAOYSA-N,9
42,LYISDADPVOHJBJ-UHFFFAOYSA-N,2
43,AIFCFBUSLAEIBR-UHFFFAOYSA-N,11
44,BVDGQVAUJNUPGW-UHFFFAOYSA-N,2
45,QNPMSYLDWCXEOI-UHFFFAOYSA-N,2
46,SEBFKMXJBCUCAI-UHFFFAOYSA-N,15
47,XFFOMNJIDRDDLQ-UHFFFAOYSA-N,10
48,QXIPXNZUEQYPLZ-UHFFFAOYSA-N,10
49,GHYDRKXFHRBWGZ-UHFFFAOYSA-N,2
50,MCYJIRFKDCXYCX-UHFFFAOYSA-N,3
51,OCZZCFAOOWZSRX-UHFFFAOYSA-N,11
52,MRIAQLRQZPPODS-UHFFFAOYSA-N,5
53,PEFNSGRTCBGNAN-UHFFFAOYSA-N,10
54,LBQIJVLKGVZRIW-UHFFFAOYSA-N,10
55,ZQSIJRDFPHDXIC-UHFFFAOYSA-N,10
56,HKQYGTCOTHHOMP-UHFFFAOYSA-N,10
57,KYQZWONCHDNPDP-UHFFFAOYSA-N,11
58,GEZHEQNLKAOMCA-UHFFFAOYSA-N,2
59,TVBJKPLTBPGHDJ-UHFFFAOYSA-N,2
60,COHHGQPQHHUMDG-UHFFFAOYSA-N,2
61,PFTAWBLQPZVEMU-UHFFFAOYSA-N,23
62,TZJALUIVHRYQQB-UHFFFAOYSA-N,9
63,DVGGLGXQSFURLP-UHFFFAOYSA-N,2
64,OVSQVDMCBVZWGM-UHFFFAOYSA-N,21
65,HUOOMAOYXQFIDQ-UHFFFAOYSA-N,11
66,IWEIJEPIYMAGTH-UHFFFAOYSA-N,11
67,GPLOTACQBREROW-UHFFFAOYSA-N,4
68,GMQFOKBGMKVUQZ-UHFFFAOYSA-N,2
69,RPLMLWBOUPDPQF-UHFFFAOYSA-N,3
70,RETRVWFVEFCGOK-UHFFFAOYSA-N,2
71,QUQPHWDTPGMPEX-UHFFFAOYSA-N,16
72,JVXZRQGOGOXCEC-UHFFFAOYSA-N,10
73,XHEFDIBZLJXQHF-UHFFFAOYSA-N,11
74,WACBUPFEGWUGPB-UHFFFAOYSA-N,9
75,QIWOFDHUQPJCJF-UHFFFAOYSA-N,2
76,VCWUZNQATFVWGL-UHFFFAOYSA-N,2
77,KNMMNUQOUANAJS-UHFFFAOYSA-N,2
78,IKGXIBQEEMLURG-UHFFFAOYSA-N,16
79,IYRMWMYZSQPJKC-UHFFFAOYSA-N,11
80,SGEWCQFRYRRZDC-UHFFFAOYSA-N,10
81,KZNIFHPLKGYRTM-UHFFFAOYSA-N,11
82,ZROGCCBNZBKLEL-UHFFFAOYSA-N,12
83,URFCJEUYXNAHFI-UHFFFAOYSA-N,10
84,IZQSVPBOUDKVDZ-UHFFFAOYSA-N,10
85,ZZAJQOPSWWVMBI-UHFFFAOYSA-N,12
86,MGJLSBDCWOSMHL-UHFFFAOYSA-N,10
87,PUPKKEQDLNREIM-UHFFFAOYSA-N,11
88,VCCRNZQBSJXYJD-UHFFFAOYSA-N,11
89,MDKYYFBRCUVEAN-UHFFFAOYSA-N,2
90,NLVBYGTTYRFJKH-UHFFFAOYSA-N,10
91,NJVSYIMNJLJFLD-UHFFFAOYSA-N,2
92,FIAAVMJLAGNUKW-UHFFFAOYSA-N,10
93,MEHHCBRCXIDGKZ-UHFFFAOYSA-N,1
94,HJGURBGBPIKRER-UHFFFAOYSA-N,10
95,MYXNWGACZJSMBT-UHFFFAOYSA-N,10
96,GARZMRVWLORUSR-UHFFFAOYSA-N,1
97,ZBXWGKPUSLRPHX-UHFFFAOYSA-N,6
98,YCFQXQCEEPCZMO-UHFFFAOYSA-N,1
99,UIDGLYUNOUKLBM-UHFFFAOYSA-N,10
100,JPUKWEQWGBDDQB-UHFFFAOYSA-N,11
101,JPMYFOBNRRGFNO-UHFFFAOYSA-N,11
102,HWOOKQWPXZROBV-UHFFFAOYSA-N,2
103,PWAACAMQKVIVPZ-UHFFFAOYSA-N,10
104,DUWPGRAKHMEPCM-UHFFFAOYSA-N,9
105,TUUXBSASAQJECY-UHFFFAOYSA-N,11
106,DRDRYGIIYOPBBZ-UHFFFAOYSA-N,10
107,VUWOVGXVRYBSGI-UHFFFAOYSA-N,10
108,HUKSJTUUSUGIDC-UHFFFAOYSA-N,7
109,GNRIZKKCNOBBMO-UHFFFAOYSA-N,9
110,BDCDNTVZSILEOY-UHFFFAOYSA-N,1
111,HQQUZVFMUSCUJS-UHFFFAOYSA-N,1
112,ZCOLJUOHXJRHDI-UHFFFAOYSA-N,7
113,WMBWREPUVVBILR-UHFFFAOYSA-N,17
114,LSHVYAFMTMFKBA-UHFFFAOYSA-N,20
115,WUADCCWRTIWANL-UHFFFAOYSA-N,10
116,JBFOLLJCGUCDQP-UHFFFAOYSA-N,10
117,LNOHXHDWGCMVCO-UHFFFAOYSA-N,9
118,YUSWMAULDXZHPY-UHFFFAOYSA-N,10
119,IYVFNTXFRYQLRP-UHFFFAOYSA-N,11
120,KJXSIXMJHKAJOD-UHFFFAOYSA-N,9
121,VGGSULWDCMWZPO-UHFFFAOYSA-N,9
122,HAYLVXFWJCKKDW-UHFFFAOYSA-N,10
123,DMXHXBGUNHLMQO-UHFFFAOYSA-N,2
124,ZDOTZEDNGNPOEW-UHFFFAOYSA-N,10
125,DYHOLQACRGJEHX-UHFFFAOYSA-N,10
126,GUMSHIGGVOJLBP-UHFFFAOYSA-N,11
127,VGEREEWJJVICBM-UHFFFAOYSA-N,10
128,ARGKVCXINMKCAZ-UHFFFAOYSA-N,11
129,RTIXKCRFFJGDFG-UHFFFAOYSA-N,10
130,OBBCRPUNCUPUOS-UHFFFAOYSA-N,11
131,OBGPEBYHGIUFBN-UHFFFAOYSA-N,10
132,DFPMSGMNTNDNHN-UHFFFAOYSA-N,12
133,ULSUXBXHSYSGDT-UHFFFAOYSA-N,5
134,XMOCLSLCDHWDHP-UHFFFAOYSA-N,24
135,XLTFNNCXVBYBSX-UHFFFAOYSA-N,10
136,VOCGSQHKPZSIKB-UHFFFAOYSA-N,10
137,RCWNBHCZYXWDOV-UHFFFAOYSA-N,10
138,AIONOLUJZLIMTK-UHFFFAOYSA-N,9
139,IKMDFBPHZNJCSN-UHFFFAOYSA-N,11
140,WOMWVGHYSNATOB-UHFFFAOYSA-N,2
141,VCKYLOIMXUHPDA-UHFFFAOYSA-N,1
142,QHLKSZBFIJJREC-UHFFFAOYSA-N,11
143,IAVUBSCVWHLRGE-UHFFFAOYSA-N,10
144,VGSYCWGXBYZLLE-UHFFFAOYSA-N,11
145,YFVGIJBUXMQFOF-UHFFFAOYSA-N,11
146,WNTBDGJNPGBIQF-UHFFFAOYSA-N,3
147,NGMYNFJANBHLKA-UHFFFAOYSA-N,10
148,QXHVECWDOBLWPW-UHFFFAOYSA-N,2
149,QQBFHNKJGBCSLG-UHFFFAOYSA-N,11
150,OZBAVEKZGSOMOJ-UHFFFAOYSA-N,11
151,VQUPQWGKORWZII-UHFFFAOYSA-N,10
152,DXYUAIFZCFRPTH-UHFFFAOYSA-N,11
153,RSAIVLRELNGZEY-UHFFFAOYSA-N,11
154,QKQLSQLKXBHUSO-UHFFFAOYSA-N,6
155,IOUVKUPGCMBWBT-UHFFFAOYSA-N,3
156,ZPFRAPVRYLGYEC-UHFFFAOYSA-N,10
157,ATDBDSBKYKMRGZ-UHFFFAOYSA-N,6
158,PJQLSMYMOKWUJG-UHFFFAOYSA-N,11
159,DCYOADKBABEMIQ-UHFFFAOYSA-N,11
160,RTATXGUCZHCSNG-UHFFFAOYSA-N,10
161,RDUAJIJVNHKTQC-UHFFFAOYSA-N,2
162,PZZRDJXEMZMZFD-UHFFFAOYSA-N,2
163,RPMNUQRUHXIGHK-UHFFFAOYSA-N,10
164,ODBRNZZJSYPIDI-UHFFFAOYSA-N,10
165,VCCNKWWXYVWTLT-UHFFFAOYSA-N,2
166,ITVGXXMINPYUHD-UHFFFAOYSA-N,7
167,MBNGWHIJMBWFHU-UHFFFAOYSA-N,12
168,BLZGPHNVMRXDCB-UHFFFAOYSA-N,2
169,SOSLMHZOJATCCP-UHFFFAOYSA-N,2
170,LLJUCXMVRPAONX-UHFFFAOYSA-N,10
171,VHBFFQKBGNRLFZ-UHFFFAOYSA-N,5
172,LPNBCGIVZXHHHO-UHFFFAOYSA-N,1
173,ZONYXWQDUYMKFB-UHFFFAOYSA-N,5
174,DUXQKCCELUKXOE-UHFFFAOYSA-N,10
175,WZAXZHIVHPRTIU-UHFFFAOYSA-N,10
176,RRRSSAVLTCVNIQ-UHFFFAOYSA-N,10
177,RISXUTCDCPHJFQ-UHFFFAOYSA-N,5
178,QQQCWVDPMPFUGF-UHFFFAOYSA-N,10
179,GYIKGLVKALOGDP-UHFFFAOYSA-N,9
180,CWBZAESOUBENAP-UHFFFAOYSA-N,11
181,IRZVHDLBAYNPCT-UHFFFAOYSA-N,5
182,KMOUJOKENFFTPU-UHFFFAOYSA-N,11
183,DANYIYRPLHHOCZ-UHFFFAOYSA-N,10
184,MMDUKUSNQNWVET-UHFFFAOYSA-N,18
185,DOFJNFPSMUCECH-UHFFFAOYSA-N,5
186,HSPSXROIMXIJQW-UHFFFAOYSA-N,2
187,BNODVYXZAAXSHW-UHFFFAOYSA-N,2
188,OHUXOEXBXPZKPT-UHFFFAOYSA-N,1
189,XZWXFWBHYRFLEF-UHFFFAOYSA-N,2
190,LVNMAAGSAUGNIC-UHFFFAOYSA-N,1
191,YIWFXZNIBQBFHR-UHFFFAOYSA-N,2
192,ZQOOYCZQENFIMC-UHFFFAOYSA-N,1
193,IGRMTQMIDNDFAA-UHFFFAOYSA-N,1
194,XWOBNBRUDDUEEY-UHFFFAOYSA-N,2
195,FFMIYIMKQIMDPK-UHFFFAOYSA-N,2
196,YZMPDHTZJJCGEI-UHFFFAOYSA-N,2
197,WXVIGTAUZBUDPZ-UHFFFAOYSA-N,2
198,QNBYCZTZNOVDMI-UHFFFAOYSA-N,2
199,KBUBZAMBIVEFEI-UHFFFAOYSA-N,2
200,BEPSGCXDIVACBU-UHFFFAOYSA-N,1
201,BNQVUHQWZGTIBX-UHFFFAOYSA-N,2
202,MWAYJIAKVUBKKP-UHFFFAOYSA-N,1
203,SGCGMORCWLEJNZ-UHFFFAOYSA-N,1
204,FRYULLIZUDQONW-UHFFFAOYSA-N,2
205,HWMGTNOVUDIKRE-UHFFFAOYSA-N,1
206,XAEWTDMGFGHWFK-UHFFFAOYSA-N,2
207,TULNGKSILXCZQT-UHFFFAOYSA-N,1
208,SCCPDJAQCXWPTF-UHFFFAOYSA-N,2
209,GSMPSRPMQQDRIB-UHFFFAOYSA-N,3
210,SSHIXEILTLPAQT-UHFFFAOYSA-N,1
211,DVCSNHXRZUVYAM-UHFFFAOYSA-N,2
212,QTZXSYBVOSXBEJ-UHFFFAOYSA-N,2
213,HZYFHQOWCFUSOV-UHFFFAOYSA-N,2
214,VBKBDLMWICBSCY-UHFFFAOYSA-N,2
215,QZOSVNLXLSNHQK-UHFFFAOYSA-N,2
216,IOWJRKAVLALBQB-UHFFFAOYSA-N,2
217,WKXVAXOSIPTXEC-UHFFFAOYSA-N,1
218,PEEAINPHPNDNGE-UHFFFAOYSA-N,2
219,GLEOIKLQBZNKJZ-UHFFFAOYSA-N,2
220,OBTCMSPFOITUIJ-UHFFFAOYSA-N,2
221,MDCTVRUPVLZSPG-UHFFFAOYSA-N,2
222,SIFXMYAHXJGAFC-UHFFFAOYSA-N,1
223,CIOWSLJGLSUOME-UHFFFAOYSA-N,2
224,PSZNHSNIGMJYOZ-UHFFFAOYSA-N,3
225,OZILORBBPKKGRI-UHFFFAOYSA-N,3
226,SITWEMZOJNKJCH-UHFFFAOYSA-N,3
227,OPINTGHFESTVAX-UHFFFAOYSA-N,3
228,JLXVRFDTDUGQEE-UHFFFAOYSA-N,2
229,RGTVXXNMOGHRAY-UHFFFAOYSA-N,2
230,JXNRXNCCROJZFB-UHFFFAOYSA-N,2
231,NPBGTPKLVJEOBE-UHFFFAOYSA-N,2
232,SENJXOPIZNYLHU-UHFFFAOYSA-N,2
233,MFBYPDKTAJXHNI-UHFFFAOYSA-N,2
234,OABOXRPGTFRBFZ-UHFFFAOYSA-N,2
235,WJKJJGXZRHDNTN-UHFFFAOYSA-N,1
236,QBGPXOGXCVKULO-UHFFFAOYSA-N,1
237,HIZYETOZLYFUFF-UHFFFAOYSA-N,2
238,NDYNTQWSJLPEMK-UHFFFAOYSA-N,2
239,TWXZVVXRRRRSLT-UHFFFAOYSA-N,2
240,FFOKMZOAVHEWET-UHFFFAOYSA-N,2
241,CUTPSEKWUPZFLV-UHFFFAOYSA-N,2
242,PMGDADKJMCOXHX-UHFFFAOYSA-N,2
243,KLAONOISLHWJEE-UHFFFAOYSA-N,1
244,HJCMDXDYPOUFDY-UHFFFAOYSA-N,2
245,LOJYQMFIIJVETK-UHFFFAOYSA-N,2
246,PNMUAGGSDZXTHX-UHFFFAOYSA-N,2
247,UBAQSAUDKMIEQZ-UHFFFAOYSA-N,2
248,OAPNERBWQWUPTI-UHFFFAOYSA-N,2
249,JYOAXOMPIXKMKK-UHFFFAOYSA-N,2
250,MUMXFARPYQTTSL-UHFFFAOYSA-N,2
251,QCWJKJLNCFEVPQ-UHFFFAOYSA-N,2
252,UJTZHGHXJKIAOS-UHFFFAOYSA-N,2
253,BWUHENPAEMNGQJ-UHFFFAOYSA-N,2
254,CNPNWGHRMBQHBZ-UHFFFAOYSA-N,2
255,NZCPCJCJZHKFGZ-UHFFFAOYSA-N,2
256,SHAQGFGGJSLLHE-UHFFFAOYSA-N,2
257,XXDVDTMEVBYRPK-UHFFFAOYSA-N,2
258,PFMUCCYYAAFKTH-UHFFFAOYSA-N,2
259,OOULJWDSSVOMHX-UHFFFAOYSA-N,2
260,KYPMKDGKAYQCHO-UHFFFAOYSA-N,2
261,XBZOQGHZGQLEQO-UHFFFAOYSA-N,1
262,NTISAKGPIGTIJJ-UHFFFAOYSA-N,1
263,ZYTPOUNUXRBYGW-UHFFFAOYSA-N,2
264,IQTUDDBANZYMAR-UHFFFAOYSA-N,1
265,PBUXMVYWOSKHMF-UHFFFAOYSA-N,2
266,APIDTRXFGYOLLH-UHFFFAOYSA-N,1
267,TUYOFUHICRWDGA-UHFFFAOYSA-N,1
268,BVZABQIRMYTKCF-UHFFFAOYSA-N,2
269,MTWJTFBVRDGROD-UHFFFAOYSA-N,2
270,YSGSDAIMSCVPHG-UHFFFAOYSA-N,1
271,AYIZHKDZYOSOGY-UHFFFAOYSA-N,1
272,DVUFTQLHHHJEMK-UHFFFAOYSA-N,2
273,JHFNSBBHKSZXKB-UHFFFAOYSA-N,2
274,PBOUVYGPDSARIS-UHFFFAOYSA-N,2
275,HXWUJJADFMXNKA-UHFFFAOYSA-N,2
276,NFDYGNFETJVMSE-UHFFFAOYSA-N,2
277,BQBCIBCLXBKYHW-UHFFFAOYSA-N,2
278,DRCKHKZYDLJYFQ-UHFFFAOYSA-N,2
279,YBRHKUNWEYBZGT-UHFFFAOYSA-N,2
280,GVUVRRPYYDHHGK-UHFFFAOYSA-N,2
281,GVRKWABULJAONN-UHFFFAOYSA-N,2
282,WRPDZHJNLYNFFT-UHFFFAOYSA-N,1
283,ZARXTZFGQZBYFO-UHFFFAOYSA-N,2
284,JMCOUWKXLXDERB-UHFFFAOYSA-N,1
285,WUGMRIBZSVSJNP-UHFFFAOYSA-N,2
286,ZQFAGNFSIZZYBA-UHFFFAOYSA-N,1
287,JSZMKEYEVLDPDO-UHFFFAOYSA-N,2
288,HXNYBZQLBWIADP-UHFFFAOYSA-N,2
289,WPSXZFTVLIAPCN-UHFFFAOYSA-N,2
290,MAJYPBAJPNUFPV-UHFFFAOYSA-N,2
291,XUUXCWCKKCZEAW-UHFFFAOYSA-N,2
292,GLUBLISJVJFHQS-UHFFFAOYSA-N,2
293,ZUKPVRWZDMRIEO-UHFFFAOYSA-N,4
294,YMAWOPBAYDPSLA-UHFFFAOYSA-N,7
295,JEFZIKRIDLHOIF-UHFFFAOYSA-N,1
296,HGNRJCINZYHNOU-UHFFFAOYSA-N,2
297,LESXFEZIFXFIQR-UHFFFAOYSA-N,2
298,QXOHLNCNYLGICT-UHFFFAOYSA-N,2
299,KLKHFFMNGWULBN-UHFFFAOYSA-N,2
300,WOUIMBGNEUWXQG-UHFFFAOYSA-N,2
301,HPYDSVWYXXKHRD-UHFFFAOYSA-N,2
302,BIYXEUAFGLTAEM-UHFFFAOYSA-N,2
303,UYKREHOKELZSPB-UHFFFAOYSA-N,1
304,RNKSNIBMTUYWSH-UHFFFAOYSA-N,2
305,IOUPEELXVYPCPG-UHFFFAOYSA-N,2
306,LYCVKHSJGDMDLM-UHFFFAOYSA-N,2
307,VGRHZPNRCLAHQA-UHFFFAOYSA-N,2
308,JSLGXODUIAFWCF-UHFFFAOYSA-N,2
309,BXNGIHFNNNSEOS-UHFFFAOYSA-N,2
310,CCUAQNUWXLYFRA-UHFFFAOYSA-N,2
311,DXJZITDUDUPINW-UHFFFAOYSA-N,2
312,FUESBOMYALLFNI-UHFFFAOYSA-N,2
313,AYKQJQVWUYEZNU-UHFFFAOYSA-N,1
314,ONWMQORSVZYVNH-UHFFFAOYSA-N,2
315,JPNRPAJITHRXRH-UHFFFAOYSA-N,2
316,MLTRLIITQPXHBJ-UHFFFAOYSA-N,2
317,JMEWFDUAFKVAAT-UHFFFAOYSA-N,2
318,RJUHZPRQRQLCFL-UHFFFAOYSA-N,2
319,LTFSLKWFMWZEBD-UHFFFAOYSA-N,2
320,UQTNIFUCMBFWEJ-UHFFFAOYSA-N,2
321,PESQCPHRXOFIPX-UHFFFAOYSA-N,2
322,FYRVDDJMNISIKJ-UHFFFAOYSA-N,2
323,WCRFXRIWBFRZBR-UHFFFAOYSA-N,1
324,MUFXDFWAJSPHIQ-UHFFFAOYSA-N,2
325,TYYLDKGBCJGJGW-UHFFFAOYSA-N,2
326,OIDKVWTWGDWMHY-UHFFFAOYSA-N,2
327,VEYJKJORLPYVLO-UHFFFAOYSA-N,2
328,HTOOKGDPMXSJSY-UHFFFAOYSA-N,1
329,NTQDELBZOMWXRS-UHFFFAOYSA-N,2
330,XNSKSTRGQIPTSE-UHFFFAOYSA-N,2
331,NYQBYASWHVRESG-UHFFFAOYSA-N,2
332,HHSJMSCOLJVTCX-UHFFFAOYSA-N,2
333,OLIFSFOFKGKIRH-UHFFFAOYSA-N,2
334,WYVKPHCYMTWUCW-UHFFFAOYSA-N,2
335,MFEVVAXTBZELLL-UHFFFAOYSA-N,2
336,ZOKVLMBYDSIDKG-UHFFFAOYSA-N,2
337,LRKCBIUDWAXNEG-UHFFFAOYSA-N,2
338,AJHCSUXXECOXOY-UHFFFAOYSA-N,2
339,SYELGNBERZZXAG-UHFFFAOYSA-N,2
340,BMPPMAOOKQJYIP-UHFFFAOYSA-N,1
341,RVKIPWVMZANZLI-UHFFFAOYSA-N,2
342,BQVUABVGYYSDCJ-UHFFFAOYSA-N,1
343,RGGVDKVXLBOLNS-UHFFFAOYSA-N,2
344,LZLREEUGSYITMX-UHFFFAOYSA-N,2
345,KAFKKRJQHOECGW-UHFFFAOYSA-N,2
346,BVRPESWOSNFUCJ-UHFFFAOYSA-N,2
347,NQIHMZLGCZNZBN-UHFFFAOYSA-N,2
348,UEKYKRQIAQHOOZ-UHFFFAOYSA-N,2
349,FBTYOQIYBULKEH-UHFFFAOYSA-N,2
350,UASDAHIAHBRZQV-UHFFFAOYSA-N,1
351,NPDLYUOYAGBHFB-UHFFFAOYSA-N,2
352,RZEQTVHJZCIUBT-UHFFFAOYSA-N,2
353,HYLXOQURIOCKIH-UHFFFAOYSA-N,2
354,HYXQKVOADYPQEA-UHFFFAOYSA-N,2
355,HMNSRTLZAJHSIK-UHFFFAOYSA-N,2
356,IBIDRSSEHFLGSD-UHFFFAOYSA-N,2
357,NIKBMHGRNAPJFW-UHFFFAOYSA-N,2
358,YZQCXOFQZKCETR-UHFFFAOYSA-N,7
359,VHLZDSUANXBJHW-UHFFFAOYSA-N,2
360,JBCLFWXMTIKCCB-UHFFFAOYSA-N,2
361,XZFYRXDAULDNFX-UHFFFAOYSA-N,1
362,CGWAPUBOXJWXMS-UHFFFAOYSA-N,2
363,QCZYYEFXOBKCNQ-UHFFFAOYSA-N,1
364,KFKWRHQBZQICHA-UHFFFAOYSA-N,1
365,HGCNKOLVKRAVHD-UHFFFAOYSA-N,1
366,OMSMPWHEGLNQOD-UHFFFAOYSA-N,2
367,PPQRSMGDOHLTBE-UHFFFAOYSA-N,2
368,IMMPMHKLUUZKAZ-UHFFFAOYSA-N,2
369,IWIANZLCJVYEFX-UHFFFAOYSA-N,1
370,GJNDXQBALKCYSZ-UHFFFAOYSA-N,2
371,XMAUFHMAAVTODF-UHFFFAOYSA-N,2
372,WVRUNFYJIHNFKD-UHFFFAOYSA-N,2
373,MIDZLCFIAINOQN-UHFFFAOYSA-N,2
374,DEFJQIDDEAULHB-UHFFFAOYSA-N,2
375,HAYVTMHUNMMXCV-UHFFFAOYSA-N,2
376,FAQVCWVVIYYWRR-UHFFFAOYSA-N,2
377,QOOWRKBDDXQRHC-UHFFFAOYSA-N,2
378,HSQGMTRYSIHDAC-UHFFFAOYSA-N,2
379,JHKXZYLNVJRAAJ-UHFFFAOYSA-N,2
380,SJUXYGVRSGTPMC-UHFFFAOYSA-N,2
381,SSJMZMUVNKEENT-UHFFFAOYSA-N,2
382,NLKUJNGEGZDXGO-UHFFFAOYSA-N,1
383,VPZKQTYZIVOJDV-UHFFFAOYSA-N,2
384,RCFDOSNHHZGBOY-UHFFFAOYSA-N,2
385,OHGNSVACHBZKSS-UHFFFAOYSA-N,2
386,FELJDCNGZFDUNR-UHFFFAOYSA-N,2
387,HSRXSKHRSXRCFC-UHFFFAOYSA-N,2
388,FRJIAZKQGSCKPQ-UHFFFAOYSA-N,2
389,FKBFDTRILNZGAI-UHFFFAOYSA-N,1
390,OSASDIVHOSJVII-UHFFFAOYSA-N,2
391,KNPVDQMEHSCAGX-UHFFFAOYSA-N,2
392,JQDFGZKKXBEANU-UHFFFAOYSA-N,2
393,XIPZDANNDPMZGQ-UHFFFAOYSA-N,2
394,CKAJHWFHHFSCDT-UHFFFAOYSA-N,1
395,VYZAGTDAHUIRQA-UHFFFAOYSA-N,2
396,IEFJWDNGDZAYNZ-UHFFFAOYSA-N,2
397,OWOFCNWTMWOOJJ-UHFFFAOYSA-N,2
398,QLROSWPKSBORFJ-UHFFFAOYSA-N,1
399,UGTZHPSKYRIGRJ-UHFFFAOYSA-N,2
400,NFNVDJGXRFEYTK-UHFFFAOYSA-N,2
401,ADHNYKZHPOEULM-UHFFFAOYSA-N,1
402,IIFDPDVJAHQFSR-UHFFFAOYSA-N,2
403,PDSLRCZINIDLMU-UHFFFAOYSA-N,2
404,UKGGPJNBONZZCM-UHFFFAOYSA-N,2
405,LQJAALCCPOTJGB-UHFFFAOYSA-N,2
406,WPWUFUBLGADILS-UHFFFAOYSA-N,2
407,NJMYZEJORPYOTO-UHFFFAOYSA-N,2
408,KZNQNBZMBZJQJO-UHFFFAOYSA-N,2
409,ZSRSLWKGWFFVCM-UHFFFAOYSA-N,2
410,VNYDHJARLHNEGA-UHFFFAOYSA-N,1
411,AIXUQKMMBQJZCU-UHFFFAOYSA-N,2
412,DZMGFGQBRYWJOR-UHFFFAOYSA-N,2
413,GADKFYNESXNRLC-UHFFFAOYSA-N,2
414,WBAXJMCUFIXCNI-UHFFFAOYSA-N,2
415,YBTCBQBIJKGSJP-UHFFFAOYSA-N,2
416,QOLYAJSZHIJCTO-UHFFFAOYSA-N,2
417,BBIXOODYWPFNDT-UHFFFAOYSA-N,1
418,RWCOTTLHDJWHRS-UHFFFAOYSA-N,2
419,GIAZPLMMQOERPN-UHFFFAOYSA-N,2
420,LNCFUHAPNTYMJB-UHFFFAOYSA-N,2
421,HZYHBDVRCBDJJV-UHFFFAOYSA-N,2
422,GRQCSEWEPIHLBI-UHFFFAOYSA-N,2
423,JQOHKCDMINQZRV-UHFFFAOYSA-N,2
424,WITCOKQIPFWQQD-UHFFFAOYSA-N,2
425,WSDOHRLQDGAOGU-UHFFFAOYSA-N,2
426,DWBZEJHQQIURML-UHFFFAOYSA-N,2
427,IJYZHIOOBGIINM-UHFFFAOYSA-N,2
428,ROHDXJUFQVRDAV-UHFFFAOYSA-N,2
429,IPWKGIFRRBGCJO-UHFFFAOYSA-N,2
430,UKKNTTCNGZLJEX-UHFFFAOYSA-N,1
431,BCCRXDTUTZHDEU-UHFFFAOYSA-N,2
432,YXQDRIRSAHTJKM-UHFFFAOYSA-N,2
433,ZSXJENBJGRHKIG-UHFFFAOYSA-N,1
434,YSZNURNVYFUEHC-UHFFFAOYSA-N,2
435,XGDCYUQSFDQISZ-UHFFFAOYSA-N,2
436,WEDDFMCSUNNZJR-UHFFFAOYSA-N,2
437,SONUFGRSSMFHFN-UHFFFAOYSA-N,2
438,XZKQVQKUZMAADP-UHFFFAOYSA-N,2
439,UQHGAYSULGRWRG-UHFFFAOYSA-N,2
440,GXDLGHLJTHMDII-UHFFFAOYSA-N,2
441,XBGGUPMXALFZOT-UHFFFAOYSA-N,2
442,DSTWKJOBKSMVCV-UHFFFAOYSA-N,1
443,JAQGKXUEKGKTKX-UHFFFAOYSA-N,2
444,MYTOTTSMVMWVJN-UHFFFAOYSA-N,2
445,LHSGPCFBGJHPCY-UHFFFAOYSA-N,2
446,LAFKUZYWNCHOHT-UHFFFAOYSA-N,2
447,BECPPKYKPSRKCP-UHFFFAOYSA-N,2
448,PWIQCLSQVQBOQV-UHFFFAOYSA-N,2
449,KOSRFJWDECSPRO-UHFFFAOYSA-N,2
450,UPJONISHZRADBH-UHFFFAOYSA-N,1
451,BCVIOZZGJNOEQS-UHFFFAOYSA-N,1
452,PITVQFJBUFDJDD-UHFFFAOYSA-N,2
453,OCYROESYHWUPBP-UHFFFAOYSA-N,2
454,PNVLWFYAPWAQMU-UHFFFAOYSA-N,2
455,IDXZDKMBEXLFMB-UHFFFAOYSA-N,2
456,JZOYFBPIEHCDFV-UHFFFAOYSA-N,2
457,HKTRDWYCAUTRRL-UHFFFAOYSA-N,2
458,FYYSIASRLDJUNP-UHFFFAOYSA-N,2
459,MPZWMIIOPAPAKE-UHFFFAOYSA-N,1
460,JZDHUJAFXGNDSB-UHFFFAOYSA-N,3
461,PABVKUJVLNMOJP-UHFFFAOYSA-N,2
462,LSPKYLAFTPBWIL-UHFFFAOYSA-N,4
463,MGHKSHCBDXNTHX-UHFFFAOYSA-N,1
464,KTGFOCFYOZQVRJ-UHFFFAOYSA-N,2
465,YBAFDPFAUTYYRW-UHFFFAOYSA-N,2
466,SXGAGTVDWKQYCX-UHFFFAOYSA-N,1
467,TUTIHHSZKFBMHM-UHFFFAOYSA-N,2
468,YSWHPLCDIMUKFE-UHFFFAOYSA-N,1
469,BUQICHWNXBIBOG-UHFFFAOYSA-N,2
470,LLEUXCDZPQOJMY-UHFFFAOYSA-N,1
471,BSWHERGFUNMWGS-UHFFFAOYSA-N,2
472,QYLJIYOGHRGUIH-UHFFFAOYSA-N,2
473,ZSOICJZJSRWNHX-UHFFFAOYSA-N,2
474,XITLYYAIPBBHPX-UHFFFAOYSA-N,2
475,MQLZLIYPFDIDMZ-UHFFFAOYSA-N,2
476,BXLYSRPHVMCOPS-UHFFFAOYSA-N,2
477,SNFUTDLOCQQRQD-UHFFFAOYSA-N,2
478,LUMXICQAOKVQOB-UHFFFAOYSA-N,2
479,YKRQRPFODDJQTC-UHFFFAOYSA-N,2
480,UWBDLNOCIDGPQE-UHFFFAOYSA-N,2
481,DZHDVYLBNKMLMB-UHFFFAOYSA-N,1
482,BBBXWRGITSUJPB-UHFFFAOYSA-N,2
483,JKHXYJKMNSSFFL-UHFFFAOYSA-N,1
484,CZVQSYNVUHAILZ-UHFFFAOYSA-N,2
485,ZVDPYSVOZFINEE-UHFFFAOYSA-N,1
486,WYBVBIHNJWOLCJ-UHFFFAOYSA-N,1
487,RDIKFPRVLJLMER-UHFFFAOYSA-N,2
488,ARPVSMCNIDAQBO-UHFFFAOYSA-N,2
489,DKEXFJVMVGETOO-UHFFFAOYSA-N,2
490,NXTYATMDWQYLGJ-UHFFFAOYSA-N,2
491,AUEJLPRZGVVDNU-UHFFFAOYSA-N,1
492,ATIPDCIQTUXABX-UHFFFAOYSA-N,2
493,LCPYQJIKPJDLLB-UHFFFAOYSA-N,2
494,DYDKXJWQCIVTMR-UHFFFAOYSA-N,2
495,PYOHODCEOHCZBM-UHFFFAOYSA-N,2
496,FSHURBQASBLAPO-UHFFFAOYSA-N,2
497,SIGGQAHUPUBWNF-UHFFFAOYSA-N,2
498,TWVKGYNQQAUNRN-UHFFFAOYSA-N,2
499,MYVYPSWUSKCCHG-UHFFFAOYSA-N,2
500,AFWBWPCXSWUCLB-UHFFFAOYSA-N,2
501,STTYIMSDIYISRG-UHFFFAOYSA-N,2
502,KRBMQYPTDYSENE-UHFFFAOYSA-N,2
503,KAKJTZWHIUWTTD-UHFFFAOYSA-N,2
504,VBKIFHUVGLOJKT-UHFFFAOYSA-N,2
505,LDEBVRIURYMKQS-UHFFFAOYSA-N,2
506,JSIQVRIXMINMTA-UHFFFAOYSA-N,2
507,DSGIVWSDDRDJIO-UHFFFAOYSA-N,2
508,CPMKYMGGYUFOHS-UHFFFAOYSA-N,2
509,DAQIJMOLTMGJLO-UHFFFAOYSA-N,2
510,IEHDJWSAXBGJIP-UHFFFAOYSA-N,1
511,LIWMQSWFLXEGMA-UHFFFAOYSA-N,2
512,MRVYVEQPNDSWLH-UHFFFAOYSA-N,2
513,STKYPAFSDFAEPH-UHFFFAOYSA-N,2
514,OELDIVRKHTYFNG-UHFFFAOYSA-N,1
515,OYOQKMOWUDVWCR-UHFFFAOYSA-N,2
516,YQAIUOWPSUOINN-UHFFFAOYSA-N,2
517,MDSUKZSLOATHMH-UHFFFAOYSA-N,2
518,BJFJQOMZCSHBMY-UHFFFAOYSA-N,1
519,KWBQPGIYEZKDEG-UHFFFAOYSA-N,2
520,ILVGMCVCQBJPSH-UHFFFAOYSA-N,2
521,SITLTJHOQZFJGG-UHFFFAOYSA-N,2
522,CKHWEVXPLJBEOZ-UHFFFAOYSA-N,1
523,BCXBIONYYJCSDF-UHFFFAOYSA-N,2
524,KRNYOVHEKOBTEF-UHFFFAOYSA-N,2
525,VLDVBZICYBVQHB-UHFFFAOYSA-N,2
526,NALWOULWGHTVDA-UHFFFAOYSA-N,2
527,XTWSWDJMIKUJDQ-UHFFFAOYSA-N,2
528,FSXRLASFHBWESK-UHFFFAOYSA-N,2
529,ALZVPLKYDKJKQU-UHFFFAOYSA-N,2
530,KGNSGRRALVIRGR-UHFFFAOYSA-N,2
531,KGVHCTWYMPWEGN-UHFFFAOYSA-N,2
532,VBIIZCXWOZDIHS-UHFFFAOYSA-N,2
533,QJKMCQRFHJRIPU-UHFFFAOYSA-N,2
534,FMIIKPHLJKUXGE-UHFFFAOYSA-N,2
535,AZLASBBHHSLQDB-UHFFFAOYSA-N,2
536,JWBXCSQZLLIOCI-UHFFFAOYSA-N,2
537,LYMVXFSTACVOLP-UHFFFAOYSA-N,2
538,XCTHZFGSVQBHBW-UHFFFAOYSA-N,2
539,MMFKFJORZBJVNF-UHFFFAOYSA-N,2
540,QWCKQJZIFLGMSD-UHFFFAOYSA-N,5
541,FFDGPVCHZBVARC-UHFFFAOYSA-N,1
542,OEYIOHPDSNJKLS-UHFFFAOYSA-N,2
543,DDRJAANPRJIHGJ-UHFFFAOYSA-N,2
544,ONIBWKKTOPOVIA-UHFFFAOYSA-N,6
545,KWIUHFFTVRNATP-UHFFFAOYSA-N,5
546,KZSNJWFQEVHDMF-UHFFFAOYSA-N,7
547,DFPAKSUCGFBDDF-UHFFFAOYSA-N,6
548,XOAAWQZATWQOTB-UHFFFAOYSA-N,10
549,ODHCTXKNWHHXJC-UHFFFAOYSA-N,7
550,XZWYZXLIPXDOLR-UHFFFAOYSA-N,1
551,CVSVTCORWBXHQV-UHFFFAOYSA-N,4
552,AGPKZVBTJJNPAG-UHFFFAOYSA-N,3
553,DCXYFEDJOCDNAF-UHFFFAOYSA-N,7
554,MQTAVJHICJWXBR-UHFFFAOYSA-N,1
555,OTKJDMGTUTTYMP-UHFFFAOYSA-N,2
556,YHHSONZFOIEMCP-UHFFFAOYSA-O,1
557,HNDVDQJCIGZPNO-UHFFFAOYSA-N,4
558,GFFGJBXGBJISGV-UHFFFAOYSA-N,16
559,FATBGEAMYMYZAF-UHFFFAOYSA-N,1
560,WUUGFSXJNOTRMR-UHFFFAOYSA-N,3
561,ZDXPYRJPNDTMRX-UHFFFAOYSA-N,5
562,VWTPJNGTEYZXFV-UHFFFAOYSA-N,1
563,OIPILFWXSMYKGL-UHFFFAOYSA-N,1
564,ODKSFYDXXFIFQN-UHFFFAOYSA-N,1
565,XTWYTFMLZFPYCI-UHFFFAOYSA-N,5
566,PHIQHXFUZVPYII-UHFFFAOYSA-N,11
567,IHCPDBBYTYJYIL-UHFFFAOYSA-N,1
568,NZWOPGCLSHLLPA-UHFFFAOYSA-N,1
569,FDGQSTZJBFJUBT-UHFFFAOYSA-N,8
570,YPZRWBKMTBYPTK-UHFFFAOYSA-N,8
571,QWYFHHGCZUCMBN-UHFFFAOYSA-N,1
572,RDHQFKQIGNGIED-UHFFFAOYSA-N,4
573,COLNVLDHVKWLRT-UHFFFAOYSA-N,9
574,OUYCCCASQSFEME-UHFFFAOYSA-N,13
575,UFAHZIUFPNSHSL-UHFFFAOYSA-N,1
576,WHUUTDBJXJRKMK-UHFFFAOYSA-N,10
577,QIVBCDIJIAJPQS-UHFFFAOYSA-N,20
578,CQOVPNPJLQNMDC-UHFFFAOYSA-N,4
579,BAWFJGJZGIEFAR-UHFFFAOYSA-N,10
580,JZRWCGZRTZMZEH-UHFFFAOYSA-N,1
581,LXNHXLLTXMVWPM-UHFFFAOYSA-N,4
582,KDXKERNSBIXSRK-UHFFFAOYSA-N,3
583,RTRQQBHATOEIAF-UHFFFAOYSA-N,1
584,KTHDTJVBEPMMGL-UHFFFAOYSA-N,3
585,AHLPHDHHMVZTML-UHFFFAOYSA-N,4
586,CKLJMWTZIZZHCS-UHFFFAOYSA-N,9
587,ATHGHQPFGPMSJY-UHFFFAOYSA-N,2
588,JDHILDINMRGULE-UHFFFAOYSA-N,1
589,JRLGPAXAGHMNOL-UHFFFAOYSA-N,1
590,RHGKLRLOHDJJDR-UHFFFAOYSA-N,4
591,VBOQYPQEPHKASR-UHFFFAOYSA-N,1
592,RFMMMVDNIPUKGG-UHFFFAOYSA-N,3
593,YDGMGEXADBMOMJ-UHFFFAOYSA-N,1
594,ILRYLPWNYFXEMH-UHFFFAOYSA-N,3
595,YKBGVTZYEHREMT-UHFFFAOYSA-N,10
596,RWSXRVCMGQZWBV-UHFFFAOYSA-N,8
597,DJJCXFVJDGTHFX-UHFFFAOYSA-N,5
598,RQFCJASXJCIDSX-UHFFFAOYSA-N,4
599,ZJUKTBDSGOFHSH-UHFFFAOYSA-N,4
600,MEFKEPWMEQBLKI-UHFFFAOYSA-N,3
601,XJLXINKUBYWONI-UHFFFAOYSA-N,11
602,VWWQXMAJTJZDQX-UHFFFAOYSA-N,2
603,ZSLZBFCDCINBPY-UHFFFAOYSA-N,2
604,PFNFFQXMRSDOHW-UHFFFAOYSA-N,1
605,HZSAJDVWZRBGIF-UHFFFAOYSA-O,1
606,DAYLJWODMCOQEW-UHFFFAOYSA-N,3
607,IERHLVCPSMICTF-UHFFFAOYSA-N,9
608,KDZOASGQNOPSCU-UHFFFAOYSA-N,1
609,UBORTCNDUKBEOP-UHFFFAOYSA-N,3
610,NYHBQMYGNKIUIF-UHFFFAOYSA-N,8
611,UGQMRVRMYYASKQ-UHFFFAOYSA-N,11
612,VGONTNSXDCQUGY-UHFFFAOYSA-N,2
613,OLXZPDWKRNYJJZ-UHFFFAOYSA-N,1
614,DRTQHJPVMGBUCF-UHFFFAOYSA-N,13
615,LEVWYRKDKASIDU-UHFFFAOYSA-N,3
616,IQFYYKKMVGJFEH-UHFFFAOYSA-N,14
617,GHOKWGTUZJEAQD-UHFFFAOYSA-N,8
618,VEYYWZRYIYDQJM-UHFFFAOYSA-N,8
619,LRFVTYWOQMYALW-UHFFFAOYSA-N,4
620,UYTPUPDQBNUYGX-UHFFFAOYSA-N,9
621,FFEARJCKVFRZRR-UHFFFAOYSA-N,4
622,RWQNBRDOKXIBIV-UHFFFAOYSA-N,5
623,PRJKNHOMHKJCEJ-UHFFFAOYSA-N,1
624,ISAKRJDGNUQOIC-UHFFFAOYSA-N,4
625,AUHXBTKGPUVFCB-UHFFFAOYSA-N,1
626,NTYJJOPFIAHURM-UHFFFAOYSA-N,1
627,BRARRAHGNDUELT-UHFFFAOYSA-N,1
628,TUHVEAJXIMEOSA-UHFFFAOYSA-N,4
629,FZWGECJQACGGTI-UHFFFAOYSA-N,1
630,KSMRODHGGIIXDV-UHFFFAOYSA-N,2
631,SSISHJJTAXXQAX-UHFFFAOYSA-N,1
632,UHDGCWIWMRVCDJ-UHFFFAOYSA-N,24
633,RITKHVBHSGLULN-UHFFFAOYSA-N,1
634,HSEMFIZWXHQJAE-UHFFFAOYSA-N,1
635,VVPRQWTYSNDTEA-UHFFFAOYSA-N,1
636,ZDGJAHTZVHVLOT-UHFFFAOYSA-N,2
637,WWUZIQQURGPMPG-UHFFFAOYSA-N,1
638,LZOSYCMHQXPBFU-UHFFFAOYSA-N,1
639,VHRUMKCAEVRUBK-UHFFFAOYSA-N,1
640,AERBNCYCJBRYDG-UHFFFAOYSA-N,1
641,UAUDZVJPLUQNMU-UHFFFAOYSA-N,1
642,FUJLYHJROOYKRA-UHFFFAOYSA-N,3
643,AUJVQJHODMISJP-UHFFFAOYSA-N,1
644,PSHXNVGSVNEJBD-UHFFFAOYSA-N,2
645,AUNGANRZJHBGPY-UHFFFAOYSA-N,3
646,XOMRRQXKHMYMOC-UHFFFAOYSA-N,2
647,ZPDQFUYPBVXUKS-UHFFFAOYSA-N,2
648,YYSFWGQAKJTHRE-UHFFFAOYSA-N,1
649,UATOAILWGVYRQS-UHFFFAOYSA-N,1
650,SRNWOUGRCWSEMX-UHFFFAOYSA-N,2
651,ZCFFYALKHPIRKJ-UHFFFAOYSA-N,1
652,KDTSHFARGAKYJN-UHFFFAOYSA-N,2
653,RGJOEKWQDUBAIZ-UHFFFAOYSA-N,2
654,RZZPDXZPRHQOCG-UHFFFAOYSA-N,1
655,KQXDGUVSAAQARU-UHFFFAOYSA-N,1
656,LCZBQMKVFQNSJR-UHFFFAOYSA-N,1
657,HAFVWTUQBYRPOB-UHFFFAOYSA-N,1
658,KLUQGOGCKJDULX-UHFFFAOYSA-N,1
659,YUNYSWCRLRYOPO-UHFFFAOYSA-N,2
660,PWCIUOASSAHGHI-UHFFFAOYSA-N,2
661,JPZYXGPCHFZBHO-UHFFFAOYSA-N,1
662,SUHOQUVVVLNYQR-UHFFFAOYSA-N,1
663,DWRXFEITVBNRMK-UHFFFAOYSA-N,2
664,FPUGCISOLXNPPC-UHFFFAOYSA-N,1
665,WJXSWCUQABXPFS-UHFFFAOYSA-N,3
666,XLBVNMSMFQMKEY-UHFFFAOYSA-N,3
667,RADKZDMFGJYCBB-UHFFFAOYSA-N,2
668,DUYSYHSSBDVJSM-UHFFFAOYSA-N,1
669,SXKNCCSPZDCRFD-UHFFFAOYSA-N,1
670,QZAYGJVTTNCVMB-UHFFFAOYSA-N,1
671,KVNPSKDDJARYKK-UHFFFAOYSA-N,1
672,IVOMOUWHDPKRLL-UHFFFAOYSA-N,7
673,SNICXCGAKADSCV-UHFFFAOYSA-N,6
674,HVYWMOMLDIMFJA-UHFFFAOYSA-N,1
675,UQOFGTXDASPNLL-UHFFFAOYSA-N,1
676,LOIYMIARKYCTBW-UHFFFAOYSA-N,7
677,BPYKTIZUTYGOLE-UHFFFAOYSA-N,1
678,WHOOUMGHGSPMGR-UHFFFAOYSA-N,2
679,PLVPPLCLBIEYEA-UHFFFAOYSA-N,2
680,OVRNDRQMDRJTHS-UHFFFAOYSA-N,9
681,YGPSJZOEDVAXAB-UHFFFAOYSA-N,5
682,CBQJSKKFNMDLON-UHFFFAOYSA-N,4
683,BOPGDPNILDQYTO-UHFFFAOYSA-N,6
684,JDSHMPZPIAZGSV-UHFFFAOYSA-N,5
685,WBWWGRHZICKQGZ-UHFFFAOYSA-N,6
686,MSWZFWKMSRAUBD-UHFFFAOYSA-N,4
687,WQXXXVRAFAKQJM-UHFFFAOYSA-N,2
688,VVIUBCNYACGLLV-UHFFFAOYSA-N,3
689,LUEWUZLMQUOBSB-UHFFFAOYSA-N,1
690,BTCSSZJGUNDROE-UHFFFAOYSA-N,7
691,KHWCHTKSEGGWEX-UHFFFAOYSA-N,4
692,BOWVQLFMWHZBEF-UHFFFAOYSA-N,1
693,GWYFCOCPABKNJV-UHFFFAOYSA-N,6
694,VHRGRCVQAFMJIZ-UHFFFAOYSA-N,2
695,PLIKAWJENQZMHA-UHFFFAOYSA-N,3
696,BVJSUAQZOZWCKN-UHFFFAOYSA-N,6
697,CLFRCXCBWIQVRN-UHFFFAOYSA-N,6
698,ZGUNAGUHMKGQNY-UHFFFAOYSA-N,4
699,IWYDHOAUDWTVEP-UHFFFAOYSA-N,12
700,HEBKCHPVOIAQTA-UHFFFAOYSA-N,25
701,UCQFCFPECQILOL-UHFFFAOYSA-N,6
702,POJWUDADGALRAB-UHFFFAOYSA-N,14
703,NMHMNPHRMNGLLB-UHFFFAOYSA-N,5
704,FBPFZTCFMRRESA-UHFFFAOYSA-N,17
705,BDJRBEYXGGNYIS-UHFFFAOYSA-N,14
706,IAJBQAYHSQIQRE-UHFFFAOYSA-N,7
707,ZFXYFBGIUFBOJW-UHFFFAOYSA-N,8
708,IDRRCKUGGXLORG-UHFFFAOYSA-N,3
709,UQZIYBXSHAGNOE-UHFFFAOYSA-N,10
710,WQZGKKKJIJFFOK-UHFFFAOYSA-N,6
711,LRQKBLKVPFOOQJ-UHFFFAOYSA-N,6
712,HXACOUQIXZGNBF-UHFFFAOYSA-N,9
713,PYMYPHUHKUWMLA-UHFFFAOYSA-N,6
714,WTDRDQBEARUVNC-UHFFFAOYSA-N,7
715,XKMLYUALXHKNFT-UHFFFAOYSA-N,5
716,GRSZFWQUAKGDAV-UHFFFAOYSA-N,9
717,LEHOTFFKMJEONL-UHFFFAOYSA-N,8
718,QUNWUDVFRNGTCO-UHFFFAOYSA-N,8
719,GLUJNGJDHCTUJY-UHFFFAOYSA-N,3
720,ZGXJTSGNIOSYLO-UHFFFAOYSA-N,6
721,WDJHALXBUFZDSR-UHFFFAOYSA-N,4
722,LDCYZAJDBXYCGN-UHFFFAOYSA-N,23
723,PXQPEWDEAKTCGB-UHFFFAOYSA-N,7
724,ZOOGRGPOEVQQDX-UHFFFAOYSA-N,7
725,ZKHQWZAMYRWXGA-UHFFFAOYSA-N,10
726,PGAVKCOVUIYSFO-UHFFFAOYSA-N,6
727,LFTYTUAZOPRMMI-UHFFFAOYSA-N,10
728,YWAVLHZJMWEYTA-UHFFFAOYSA-N,3
729,DBPWSSGDRRHUNT-UHFFFAOYSA-N,3
730,UCTWMZQNUQWSLP-UHFFFAOYSA-N,8
731,MSTNYGQPCMXVAQ-UHFFFAOYSA-N,6
732,PCDQPRRSZKQHHS-UHFFFAOYSA-N,6
733,SFLSHLFXELFNJZ-UHFFFAOYSA-N,8
734,ZQPPMHVWECSIRJ-UHFFFAOYSA-N,4
735,NIGWMJHCCYYCSF-UHFFFAOYSA-N,6
736,KJTLQQUUPVSXIM-UHFFFAOYSA-N,6
737,GJAWHXHKYYXBSV-UHFFFAOYSA-N,8
738,WRHZVMBBRYBTKZ-UHFFFAOYSA-N,5
739,KDCGOANMDULRCW-UHFFFAOYSA-N,5
740,PVNIIMVLHYAWGP-UHFFFAOYSA-N,14
741,HNEGQIOMVPPMNR-UHFFFAOYSA-N,4
742,SATCOUWSAZBIJO-UHFFFAOYSA-N,6
743,XMIIGOLPHOKFCH-UHFFFAOYSA-N,4
744,XJNPNXSISMKQEX-UHFFFAOYSA-N,5
745,WLJVNTCWHIRURA-UHFFFAOYSA-N,9
746,PNNNRSAQSRJVSB-UHFFFAOYSA-N,13
747,JMSVCTWVEWCHDZ-UHFFFAOYSA-N,6
748,DNXHEGUUPJUMQT-UHFFFAOYSA-N,3
749,GUBGYTABKSRVRQ-UHFFFAOYSA-N,9
750,OWFJMIVZYSDULZ-UHFFFAOYSA-N,6
751,OKJIRPAQVSHGFK-UHFFFAOYSA-N,6
752,SIOXPEMLGUPBBT-UHFFFAOYSA-N,6
753,TXXHDPDFNKHHGW-UHFFFAOYSA-N,5
754,ILUJQPXNXACGAN-UHFFFAOYSA-N,6
755,WXTMDXOMEHJXQO-UHFFFAOYSA-N,10
756,QANMHLXAZMSUEX-UHFFFAOYSA-N,6
757,PCMORTLOPMLEFB-UHFFFAOYSA-N,14
758,YBJHBAHKTGYVGT-UHFFFAOYSA-N,7
759,REYJJPSVUYRZGE-UHFFFAOYSA-N,3
760,DTOSIQBPPRVQHS-UHFFFAOYSA-N,11
761,SQVRNKJHWKZAKO-UHFFFAOYSA-N,8
762,RJKFOVLPORLFTN-UHFFFAOYSA-N,3
763,RUDATBOHQWOJDD-UHFFFAOYSA-N,14
764,GVJHHUAWPYXKBD-UHFFFAOYSA-N,3
765,YDNKGFDKKRUKPY-UHFFFAOYSA-N,5
766,FSYKKLYZXJSNPZ-UHFFFAOYSA-N,1
767,UIERETOOQGIECD-UHFFFAOYSA-N,7
768,WLAMNBDJUVNPJU-UHFFFAOYSA-N,15
769,JJMDCOVWQOJGCB-UHFFFAOYSA-N,5
770,RGHHSNMVTDWUBI-UHFFFAOYSA-N,16
771,LVHBHZANLOWSRM-UHFFFAOYSA-N,5
772,JFCQEDHGNNZCLN-UHFFFAOYSA-N,8
773,XHQZJYCNDZAGLW-UHFFFAOYSA-N,6
774,GLDQAMYCGOIJDV-UHFFFAOYSA-N,7
775,OBKXEAXTFZPCHS-UHFFFAOYSA-N,4
776,ONJSZLXSECQROL-UHFFFAOYSA-N,6
777,MBMBGCFOFBJSGT-UHFFFAOYSA-N,5
778,OVBPIULPVIDEAO-UHFFFAOYSA-N,9
779,WCGUUGGRBIKTOS-UHFFFAOYSA-N,7
780,HGINADPHJQTSKN-UHFFFAOYSA-N,4
781,VOXXWSYKYCBWHO-UHFFFAOYSA-N,12
782,GMKMEZVLHJARHF-UHFFFAOYSA-N,7
783,MVAWJSIDNICKHF-UHFFFAOYSA-N,6
784,MXHRCPNRJAMMIM-UHFFFAOYSA-N,8
785,WQEPLUUGTLDZJY-UHFFFAOYSA-N,7
786,CEEQUQSGVRRXQI-UHFFFAOYSA-N,3
787,OWQDWQKWSLFFFR-UHFFFAOYSA-N,6
788,FPIPGXGPPPQFEQ-UHFFFAOYSA-N,3
789,HEGSGKPQLMEBJL-UHFFFAOYSA-N,6
790,SHGAZHPCJJPHSC-UHFFFAOYSA-N,3
791,VQHSOMBJVWLPSR-UHFFFAOYSA-N,6
792,CLUWOWRTHNNBBU-UHFFFAOYSA-N,3
793,NGEWQZIDQIYUNV-UHFFFAOYSA-N,5
794,SWELIMKTDYHAOY-UHFFFAOYSA-N,5
795,BTJIUGUIPKRLHP-UHFFFAOYSA-N,4
796,AKEUNCKRJATALU-UHFFFAOYSA-N,6
797,APJYDQYYACXCRM-UHFFFAOYSA-N,8
798,ORHBXUUXSCNDEV-UHFFFAOYSA-N,15
799,FSVCELGFZIQNCK-UHFFFAOYSA-N,6
800,MTCFGRXMJLQNBG-UHFFFAOYSA-N,3
801,AYFVYJQAPQTCCC-UHFFFAOYSA-N,7
802,NIOPKCMFVWJHLB-UHFFFAOYSA-N,1
803,UBQKCCHYAOITMY-UHFFFAOYSA-N,2
804,SMNDYUVBFMFKNZ-UHFFFAOYSA-N,3
805,RHYBFKMFHLPQPH-UHFFFAOYSA-N,2
806,NBZBKCUXIYYUSX-UHFFFAOYSA-N,4
807,ULSIYEODSMZIPX-UHFFFAOYSA-N,7
808,YCCILVSKPBXVIP-UHFFFAOYSA-N,3
809,BWHOZHOGCMHOBV-UHFFFAOYSA-N,3
810,DMBHHRLKUKUOEG-UHFFFAOYSA-N,3
811,QELUYTUMUWHWMC-UHFFFAOYSA-N,5
812,AFDXODALSZRGIH-UHFFFAOYSA-N,3
813,QRMZSPFSDQBLIX-UHFFFAOYSA-N,6
814,HSMNQINEKMPTIC-UHFFFAOYSA-N,5
815,WFJIVOKAWHGMBH-UHFFFAOYSA-N,5
816,CAHKINHBCWCHCF-UHFFFAOYSA-N,6
817,NUKYPUAOHBNCPY-UHFFFAOYSA-N,3
818,IUGYQRQAERSCNH-UHFFFAOYSA-N,7
819,CDAWCLOXVUBKRW-UHFFFAOYSA-N,4
820,JLTDJTHDQAWBAV-UHFFFAOYSA-N,2
821,QQVDJLLNRSOCEL-UHFFFAOYSA-N,8
822,XPCTZQVDEJYUGT-UHFFFAOYSA-N,6
823,HCUARRIEZVDMPT-UHFFFAOYSA-N,3
824,CFFZDZCDUFSOFZ-UHFFFAOYSA-N,5
825,NCIKQJBVUNUXLW-UHFFFAOYSA-N,4
826,BXNJHAXVSOCGBA-UHFFFAOYSA-N,6
827,XHCADAYNFIFUHF-UHFFFAOYSA-N,14
828,PQSUYGKTWSAVDQ-UHFFFAOYSA-N,7
829,DNVPQKQSNYMLRS-UHFFFAOYSA-N,1
830,MPDGHEJMBKOTSU-UHFFFAOYSA-N,12
831,HNJBEVLQSNELDL-UHFFFAOYSA-N,1
832,WGQKYBSKWIADBV-UHFFFAOYSA-N,3
833,HCFAJYNVAYBARA-UHFFFAOYSA-N,3
834,DLAMVQGYEVKIRE-UHFFFAOYSA-N,6
835,KMXXSJLYVJEBHI-UHFFFAOYSA-N,6
836,NLMQHXUGJIAKTH-UHFFFAOYSA-N,3
837,HCGHYQLFMPXSDU-UHFFFAOYSA-N,6
838,DRAVOWXCEBXPTN-UHFFFAOYSA-N,6
839,HXNFUBHNUDHIGC-UHFFFAOYSA-N,6
840,FBUKVWPVBMHYJY-UHFFFAOYSA-N,5
841,ANOUKFYBOAKOIR-UHFFFAOYSA-N,3
842,JTEJPPKMYBDEMY-UHFFFAOYSA-N,3
843,YZVWKHVRBDQPMQ-UHFFFAOYSA-N,3
844,AFSDNFLWKVMVRB-UHFFFAOYSA-N,12
845,MGJKQDOBUOMPEZ-UHFFFAOYSA-N,2
846,CATSNJVOTSVZJV-UHFFFAOYSA-N,3
847,VZCYOOQTPOCHFL-UHFFFAOYSA-N,12
848,FGKJLKRYENPLQH-UHFFFAOYSA-N,5
849,IDIDJDIHTAOVLG-UHFFFAOYSA-N,6
850,KPIIGXWUNXGGCP-UHFFFAOYSA-N,5
851,JFDDFGLNZWNJTK-UHFFFAOYSA-N,5
852,LJUQGASMPRMWIW-UHFFFAOYSA-N,6
853,BPMFZUMJYQTVII-UHFFFAOYSA-N,3
854,HCZHHEIFKROPDY-UHFFFAOYSA-N,3
855,XIGSAGMEBXLVJJ-UHFFFAOYSA-N,1
856,PMMYEEVYMWASQN-UHFFFAOYSA-N,23
857,LSDULPZJLTZEFD-UHFFFAOYSA-N,1
858,VSDWHZGJGWMIRN-UHFFFAOYSA-N,1
859,QYPPJABKJHAVHS-UHFFFAOYSA-N,1
860,KLZGKIDSEJWEDW-UHFFFAOYSA-N,1
861,UYPYRKYUKCHHIB-UHFFFAOYSA-N,1
862,UEFRDQSMQXDWTO-UHFFFAOYSA-N,1
863,ZBCBWPMODOFKDW-UHFFFAOYSA-N,1
864,QCHPKSFMDHPSNR-UHFFFAOYSA-N,2
865,NCMVOABPESMRCP-UHFFFAOYSA-N,2
866,UKAUYVFTDYCKQA-UHFFFAOYSA-N,1
867,SUHOOTKUPISOBE-UHFFFAOYSA-N,4
868,DZTHIGRZJZPRDV-UHFFFAOYSA-N,2
869,OPTASPLRGRRNAP-UHFFFAOYSA-N,7
870,HXEACLLIILLPRG-UHFFFAOYSA-N,11
871,OZRNSSUDZOLUSN-UHFFFAOYSA-N,2
872,OIVLITBTBDPEFK-UHFFFAOYSA-N,1
873,XUJNEKJLAYXESH-UHFFFAOYSA-N,1
874,GFYLSDSUCHVORB-UHFFFAOYSA-N,2
875,OYIFNHCXNCRBQI-UHFFFAOYSA-N,2
876,HXFOXFJUNFFYMO-UHFFFAOYSA-N,2
877,CKTSBUTUHBMZGZ-UHFFFAOYSA-N,4
878,ADVPTQAUNPRNPO-UHFFFAOYSA-N,3
879,ZTVZLYBCZNMWCF-UHFFFAOYSA-N,2
880,GNISQJGXJIDKDJ-UHFFFAOYSA-N,1
881,BRMWTNUJHUMWMS-UHFFFAOYSA-N,2
882,GGTYBZJRPHEQDG-UHFFFAOYSA-N,2
883,OTBHHUPVCYLGQO-UHFFFAOYSA-N,1
884,RJFAYQIBOAGBLC-UHFFFAOYSA-N,1
885,RYYVLZVUVIJVGH-UHFFFAOYSA-N,5
886,CTENFNNZBMHDDG-UHFFFAOYSA-N,1
887,HOKKHZGPKSLGJE-UHFFFAOYSA-N,2
888,BVHLGVCQOALMSV-UHFFFAOYSA-N,1
889,PAJPWUMXBYXFCZ-UHFFFAOYSA-N,2
890,JDBGXEHEIRGOBU-UHFFFAOYSA-N,2
891,NPOAOTPXWNWTSH-UHFFFAOYSA-N,4
892,BXIPALATIYNHJN-UHFFFAOYSA-N,3
893,GNRKTORAJTTYIW-UHFFFAOYSA-N,1
894,JYVXNLLUYHCIIH-UHFFFAOYSA-N,1
895,ZKIJKCHCMFGMCM-UHFFFAOYSA-N,1
896,NGVDGCNFYWLIFO-UHFFFAOYSA-N,2
897,JXXCENBLGFBQJM-UHFFFAOYSA-N,1
898,MGQOSZSPKMBSRW-UHFFFAOYSA-N,1
899,DJJUUYLZKQCNDW-UHFFFAOYSA-N,2
900,FBTSQILOGYXGMD-UHFFFAOYSA-N,2
901,PUMZXCBVHLCWQG-UHFFFAOYSA-N,1
902,AAAFZMYJJHWUPN-UHFFFAOYSA-N,2
903,LDHMAVIPBRSVRG-UHFFFAOYSA-O,1
904,XUYPXLNMDZIRQH-UHFFFAOYSA-N,2
905,NOTGFIUVDGNKRI-UHFFFAOYSA-N,2
906,ZSEGSUBKDDEALH-UHFFFAOYSA-N,1
907,BZQFBWGGLXLEPQ-UHFFFAOYSA-N,3
908,VKFPRGQZWKTEON-UHFFFAOYSA-N,1
909,ZXYAAVBXHKCJJB-UHFFFAOYSA-N,2
910,HXJDWCWJDCOHDG-UHFFFAOYSA-N,2
911,CBOJBBMQJBVCMW-UHFFFAOYSA-N,1
912,HOVAGTYPODGVJG-UHFFFAOYSA-N,3
913,XGYIMTFOTBMPFP-UHFFFAOYSA-N,2
914,UNXHWFMMPAWVPI-UHFFFAOYSA-N,2
915,UFYKDFXCZBTLOO-UHFFFAOYSA-N,2
916,WZJWHIMNXWKNTO-UHFFFAOYSA-N,1
917,XBECFEJUQZXMFE-UHFFFAOYSA-N,1
918,YXVCLPJQTZXJLH-UHFFFAOYSA-N,1
919,MBLBDJOUHNCFQT-UHFFFAOYSA-N,2
920,PFDUUKDQEHURQC-UHFFFAOYSA-N,2
921,GYOZYWVXFNDGLU-UHFFFAOYSA-N,2
922,WSVLPVUVIUVCRA-UHFFFAOYSA-N,1
923,UYEUUXMDVNYCAM-UHFFFAOYSA-N,2
924,JSJWCHRYRHKBBW-UHFFFAOYSA-N,2
925,BLHCMGRVFXRYRN-UHFFFAOYSA-N,2
926,MWHLCFYPFGFBQO-UHFFFAOYSA-N,1
927,QPGLUEKHBNOAHG-UHFFFAOYSA-N,1
928,PWKSKIMOESPYIA-UHFFFAOYSA-N,2
929,PYUSHNKNPOHWEZ-UHFFFAOYSA-N,2
930,UGJBHEZMOKVTIM-UHFFFAOYSA-N,2
931,JUGOREOARAHOCO-UHFFFAOYSA-M,1
932,OIRDTQYFTABQOQ-UHFFFAOYSA-N,14
933,FUOOLUPWFVMBKG-UHFFFAOYSA-N,2
934,SXTAYKAGBXMACB-UHFFFAOYSA-N,2
935,ZMCHBSMFKQYNKA-UHFFFAOYSA-N,2
936,YAPQBXQYLJRXSA-UHFFFAOYSA-N,1
937,VVHOUVWJCQOYGG-UHFFFAOYSA-N,2
938,SKWCZPYWFRTSDD-UHFFFAOYSA-N,1
939,MTDHILKWIRSIHB-UHFFFAOYSA-N,2
940,VCKPUUFAIGNJHC-UHFFFAOYSA-N,2
941,LJCWONGJFPCTTL-UHFFFAOYSA-N,2
942,MJXVOTKVFFAZQJ-UHFFFAOYSA-N,1
943,JJIHLJJYMXLCOY-UHFFFAOYSA-N,2
944,TZSYLWAXZMNUJB-UHFFFAOYSA-N,5
945,XJMMNTGIMDZPMU-UHFFFAOYSA-N,2
946,SZYJELPVAFJOGJ-UHFFFAOYSA-N,1
947,WOBDANBSEWOYKN-UHFFFAOYSA-N,1
948,QIAFMBKCNZACKA-UHFFFAOYSA-N,3
949,ALYNCZNDIQEVRV-UHFFFAOYSA-N,2
950,DRLFMBDRBRZALE-UHFFFAOYSA-N,6
951,YWAGQOOMOOUEGY-UHFFFAOYSA-N,1
952,HYVABZIGRDEKCD-UHFFFAOYSA-N,2
953,BVWTXUYLKBHMOX-UHFFFAOYSA-N,10
954,ZHSOTLOTTDYIIK-UHFFFAOYSA-N,2
955,FCCDDURTIIUXBY-UHFFFAOYSA-N,1
956,DZGWFCGJZKJUFP-UHFFFAOYSA-N,1
957,MRBKRZAPGUCWOS-UHFFFAOYSA-N,2
958,JYGXADMDTFJGBT-UHFFFAOYSA-N,2
959,SEOVTRFCIGRIMH-UHFFFAOYSA-N,4
960,MBBOMCVGYCRMEA-UHFFFAOYSA-N,2
961,IAVREABSGIHHMO-UHFFFAOYSA-N,2
962,ZJTJUVIJVLLGSP-UHFFFAOYSA-N,2
963,RFDAIACWWDREDC-UHFFFAOYSA-N,14
964,AWRIOTVUTPLWLF-UHFFFAOYSA-N,1
965,RWZYAGGXGHYGMB-UHFFFAOYSA-N,3
966,YJCJVMMDTBEITC-UHFFFAOYSA-N,3
967,LOAUVZALPPNFOQ-UHFFFAOYSA-N,2
968,UIJIQXGRFSPYQW-UHFFFAOYSA-N,2
969,ALEXXDVDDISNDU-UHFFFAOYSA-N,2
970,MDIGAZPGKJFIAH-UHFFFAOYSA-N,1
971,ZOAMBXDOGPRZLP-UHFFFAOYSA-N,2
972,HNXQXTQTPAJEJL-UHFFFAOYSA-N,1
973,OGHAROSJZRTIOK-UHFFFAOYSA-O,1
974,PTJWIQPHWPFNBW-UHFFFAOYSA-N,1
975,RHFUOMFWUGWKKO-UHFFFAOYSA-N,1
976,ZAYHVCMSTBRABG-UHFFFAOYSA-N,1
977,MSFSPUZXLOGKHJ-UHFFFAOYSA-N,1
978,TXCIAUNLDRJGJZ-UHFFFAOYSA-N,2
979,FFFHZYDWPBMWHY-UHFFFAOYSA-N,1
980,HAEVNYBCYZZDFL-UHFFFAOYSA-N,1
981,CXTATJFJDMJMIY-UHFFFAOYSA-N,1
982,HFCPFJNSBPQJDP-UHFFFAOYSA-N,1
983,YSVYWVPJJXVIFM-UHFFFAOYSA-N,1
984,AUFJTEGVQXGXTG-UHFFFAOYSA-N,1
985,IGLHHSKNBDXCEY-UHFFFAOYSA-N,1
986,IPOLTUVFXFHAHI-UHFFFAOYSA-N,1
987,MJLXQSQYKZWZCB-UHFFFAOYSA-N,1
988,YICAQFPUDACYGQ-UHFFFAOYSA-N,1
989,QBYXBONNCVATNQ-UHFFFAOYSA-N,2
990,UQCYGYDOQKYSDD-UHFFFAOYSA-N,1
991,DDTDJDZHDFMZED-UHFFFAOYSA-N,1
992,AOSDFVDGMYPTHD-UHFFFAOYSA-N,1
993,SOYNLLDADLOGAM-UHFFFAOYSA-N,1
994,QAQREVBBADEHPA-UHFFFAOYSA-N,2
995,AEWHYWSPVRZHCT-UHFFFAOYSA-N,1
996,VIWKEBOLLIEAIL-UHFFFAOYSA-N,2
997,KBOJOGQFRVVWBH-UHFFFAOYSA-N,2
998,ULHWZNASVJIOEM-UHFFFAOYSA-N,1
999,WXNXCEHXYPACJF-UHFFFAOYSA-N,2
1000,UPCKIPHSXMXJOX-UHFFFAOYSA-N,2
1001,QTQDDTSVRVWHMO-UHFFFAOYSA-N,1
1002,MYYIAHXIVFADCU-UHFFFAOYSA-N,2
1003,OMFXVFTZEKFJBZ-UHFFFAOYSA-N,1
1004,DUUGKQCEGZLZNO-UHFFFAOYSA-N,3
1005,NXJAXUYOQLTISD-UHFFFAOYSA-N,1
1006,NNCBVXBBLABOCB-UHFFFAOYSA-N,1
1007,XKAZIAFZAQAHHG-UHFFFAOYSA-N,2
1008,ULWDPUHFMOBGFJ-UHFFFAOYSA-N,1
1009,AHZCIODFJPNPKS-UHFFFAOYSA-N,2
1010,FMLYQPQCFBAOHS-UHFFFAOYSA-N,1
1011,LUBMSOHGUAAXAM-UHFFFAOYSA-N,2
1012,BCZXLGKYFZTAJX-UHFFFAOYSA-N,2
1013,ZGNBLKBZJBJFDG-UHFFFAOYSA-N,1
1014,YNXPNLZXWNAYEE-UHFFFAOYSA-N,1
1015,REUVFPFCXKWJQA-UHFFFAOYSA-N,2
1016,VCRSQDIROUELAR-UHFFFAOYSA-N,2
1017,WJCRATGUUISKDG-UHFFFAOYSA-N,1
1018,ZHCKPJGJQOPTLB-UHFFFAOYSA-N,1
1019,RWKUXQNLWDTSLO-UHFFFAOYSA-N,2
1020,JLEBZPBDRKPWTD-UHFFFAOYSA-O,1
1021,ZMANZCXQSJIPKH-UHFFFAOYSA-N,1
1022,KCXVZYZYPLLWCC-UHFFFAOYSA-N,1
1023,NKQPOVROGSWLTO-UHFFFAOYSA-N,1
1024,MAKBMGXNXXXBFE-UHFFFAOYSA-N,1
1025,JEEMMQUVRFTVSG-UHFFFAOYSA-N,1
1026,WTJKGGKOPKCXLL-UHFFFAOYSA-N,1
1027,ZBQGASWGCNJQQT-UHFFFAOYSA-N,1
1028,ASWBNKHCZGQVJV-UHFFFAOYSA-N,1
1029,JLPULHDHAOZNQI-UHFFFAOYSA-N,1
1030,IESVDEZGAHUQJU-UHFFFAOYSA-N,1
1031,SNKAWJBJQDLSFF-UHFFFAOYSA-N,1
1032,YPAZQMWFRMHBBM-UHFFFAOYSA-N,1
1033,HFQNRECNIUNPMU-UHFFFAOYSA-N,1
1034,PNFUIOJRSUFFPH-UHFFFAOYSA-N,1
1035,CJYQPRLJFDUQJN-UHFFFAOYSA-N,1
1036,LSOWKZULVQWMLY-UHFFFAOYSA-N,1
1037,IHNKQIMGVNPMTC-UHFFFAOYSA-N,1
1038,PZRFVAHZNWPPAC-UHFFFAOYSA-N,1
1039,SPJFYYJXNPEZDW-UHFFFAOYSA-N,1
1040,CKPBBEOJHAPPBT-UHFFFAOYSA-N,2
1041,DEROODSKIOVZTC-UHFFFAOYSA-N,1
1042,GSEJCLTVZPLZKY-UHFFFAOYSA-N,1
1043,XDCGZZJBYBQDHF-UHFFFAOYSA-N,1
1044,UCZAOBSWZIZTLK-UHFFFAOYSA-N,1
1045,LBKAWBGKYHQLFF-UHFFFAOYSA-N,1
1046,GEINPYKZLFHHIL-UHFFFAOYSA-N,1
1047,QICWUUGBNFIZAZ-UHFFFAOYSA-N,1
1048,ATHVAWFAEPLPPQ-UHFFFAOYSA-N,1
1049,MGUTYWPZCZBAGE-UHFFFAOYSA-N,1
1050,CWDLNVPVXRALIK-UHFFFAOYSA-N,1
1051,HDZVRBPBPCZCJG-UHFFFAOYSA-N,1
1052,LFGBKOUQHCWBQI-UHFFFAOYSA-N,1
1053,OEZJTMNFEIOILN-UHFFFAOYSA-N,1
1054,SSQFWAKSSUYHFV-UHFFFAOYSA-N,1
1055,HYSYCEDTDHZXNR-UHFFFAOYSA-N,1
1056,KCNBSSYOJRUKOM-UHFFFAOYSA-N,1
1057,OIICTMOQBYZCDA-UHFFFAOYSA-N,2
1058,MVDFTRYOOPZXII-UHFFFAOYSA-N,1
1059,WWDZVVWQNWNRDM-UHFFFAOYSA-N,1
1060,YLCGQCCCWXNFOA-UHFFFAOYSA-N,1
1061,VDPCTFWULDLKHT-UHFFFAOYSA-N,1
1062,PBBJEGGNZPXIGJ-UHFFFAOYSA-N,1
1063,BMVUIWJCUQSHLZ-UHFFFAOYSA-N,1
1064,XIOFWXBRLXTMQD-UHFFFAOYSA-N,1
1065,CBBAYEUCTOLHMQ-UHFFFAOYSA-N,1
1066,VXUOFDJKYGDUJI-UHFFFAOYSA-N,2
1067,WAYKKNOEMJFLDI-UHFFFAOYSA-N,1
1068,KIHAGWUUUHJRMS-UHFFFAOYSA-N,2
1069,BIEOSECQPGGZMF-UHFFFAOYSA-N,1
1070,GOMVPVRDBLLHQC-UHFFFAOYSA-N,1
1071,XEVRBOQZSXWGQO-UHFFFAOYSA-N,2
1072,ROPRRXYVXLDXQO-UHFFFAOYSA-N,1
1073,WVGALBKSWOUIEZ-UHFFFAOYSA-N,1
1074,DUQDVNACTOXOJA-UHFFFAOYSA-N,1
1075,PEWXKAOBUSBJLD-UHFFFAOYSA-N,1
1076,RFVFQQWKPSOBED-UHFFFAOYSA-N,1
1077,VYEONLJQPYRKAN-UHFFFAOYSA-N,1
1078,RFZSTXLXYYWMQV-UHFFFAOYSA-N,1
1079,DMMFWIXOCMDAAU-UHFFFAOYSA-N,1
1080,OWRLUKFWNGLGIE-UHFFFAOYSA-N,1
1081,MDDWQHVKSHTZTD-UHFFFAOYSA-N,1
1082,DWSFAVOTORHAAL-UHFFFAOYSA-N,1
1083,JNTWSORSSDLYPI-UHFFFAOYSA-N,1
1084,WQYXCASYXUFNSI-UHFFFAOYSA-N,1
1085,KFMWEXOSEGPNKJ-UHFFFAOYSA-N,1
1086,VPEBWBVNBKLXSR-UHFFFAOYSA-N,1
1087,USUPQTJPNBGUSJ-UHFFFAOYSA-N,1
1088,WDWXOVLPQSTGNY-UHFFFAOYSA-N,1
1089,MJPIXACTUMSGGI-UHFFFAOYSA-N,1
1090,VGZUJSRBASREKH-UHFFFAOYSA-N,1
1091,SRRQPVVYXBTRQK-UHFFFAOYSA-N,1
1092,XBGIMYLOTRDXPK-UHFFFAOYSA-N,1
1093,WKQNRCYKYCKESD-UHFFFAOYSA-N,1
1094,WYIMORDZGCUBAA-UHFFFAOYSA-N,1
1095,VRVDEVSSPPTZQJ-UHFFFAOYSA-N,1
1096,YYQVCMMXPIJVHY-UHFFFAOYSA-N,1
1097,PAFOXYLFALKPOE-UHFFFAOYSA-N,1
1098,ZOJBSSVHFSBHMP-UHFFFAOYSA-N,1
1099,FGHPDPYCRTXYNZ-UHFFFAOYSA-N,2
1100,BVJSKAUUFXBDOB-UHFFFAOYSA-N,2
1101,UOXRPRZMAROFPH-UHFFFAOYSA-N,2
1102,MXAFDFDAIFZFET-UHFFFAOYSA-N,2
1103,BHTRKEVKTKCXOH-UHFFFAOYSA-N,19
1104,GHCZAUBVMUEKKP-UHFFFAOYSA-N,4
1105,XSOLDPYUICCHJX-UHFFFAOYSA-N,7
1106,QBYUNVOYXHFVKC-UHFFFAOYSA-N,2
1107,RRKNBLZWFVIWPC-UHFFFAOYSA-N,8
1108,VFMMPHCGEFXGIP-UHFFFAOYSA-N,4
1109,KLQXMRBGMLHBBQ-UHFFFAOYSA-N,8
1110,HJJPJSXJAXAIPN-UHFFFAOYSA-N,4
1111,FBMORZZOJSDNRQ-UHFFFAOYSA-N,4
1112,WMMOMSNMMDMSRB-UHFFFAOYSA-N,8
1113,KSEBMYQBYZTDHS-UHFFFAOYSA-N,9
1114,LPLVUJXQOOQHMX-UHFFFAOYSA-N,8
1115,MIKUYHXYGGJMLM-UHFFFAOYSA-N,8
1116,OHOBPOYHROOXEI-UHFFFAOYSA-N,9
1117,DAXYUDFNWXHGBE-UHFFFAOYSA-N,12
1118,FZNCGRZWXLXZSZ-UHFFFAOYSA-N,4
1119,MQTOSJVFKKJCRP-UHFFFAOYSA-N,8
1120,WPYMKLBDIGXBTP-UHFFFAOYSA-N,4
1121,LATYEZNGPQKAIK-UHFFFAOYSA-N,8
1122,MOLPUWBMSBJXER-UHFFFAOYSA-N,9
1123,ISFMXVMWEWLJGJ-UHFFFAOYSA-N,4
1124,DTTPWCNKTMQMTE-UHFFFAOYSA-N,4
1125,WIONIXOBNMDJFJ-UHFFFAOYSA-N,4
1126,OHCQJHSOBUTRHG-UHFFFAOYSA-N,4
1127,IYGYMKDQCDOMRE-UHFFFAOYSA-N,4
1128,PKRPFNXROFUNDE-UHFFFAOYSA-N,4
1129,HARGZZNYNSYSGJ-UHFFFAOYSA-N,4
1130,UZQVYLOFLQICCT-UHFFFAOYSA-N,4
1131,VEPUCZUJLKAVNM-UHFFFAOYSA-N,8
1132,NLAWPKPYBMEWIR-UHFFFAOYSA-N,8
1133,HKEAFJYKMMKDOR-UHFFFAOYSA-N,8
1134,PHMHDRYYFAYWEG-UHFFFAOYSA-N,4
1135,WMBOCUXXNSOQHM-UHFFFAOYSA-N,4
1136,FUXVKZWTXQUGMW-UHFFFAOYSA-N,8
1137,XJQPQKLURWNAAH-UHFFFAOYSA-N,4
1138,YMTINGFKWWXKFG-UHFFFAOYSA-N,4
1139,WTDHMFBJQJSTMH-UHFFFAOYSA-N,8
1140,IQVQXVFMNOFTMU-UHFFFAOYSA-N,4
1141,IDZZECHGWAZTIB-UHFFFAOYSA-N,8
1142,IUKLSMSEHKDIIP-UHFFFAOYSA-N,4
1143,YABIJLLNNFURIJ-UHFFFAOYSA-N,8
1144,WVTKBKWTSCPRNU-UHFFFAOYSA-N,4
1145,XYNPYHXGMWJBLV-UHFFFAOYSA-N,4
1146,FPJQGFLUORYYPE-UHFFFAOYSA-N,4
1147,OTJZSGZNPDLQAJ-UHFFFAOYSA-N,4
1148,MDFCJNFOINXVSU-UHFFFAOYSA-N,4
1149,DBMJZOMNXBSRED-UHFFFAOYSA-N,4
1150,KDPFMRXIVDLQKX-UHFFFAOYSA-N,4
1151,FPECZWKKKKZPPP-UHFFFAOYSA-N,8
1152,NFYYATWFXNPTRM-UHFFFAOYSA-N,4
1153,AUJXJFHANFIVKH-UHFFFAOYSA-N,4
1154,VDYCLYGKCGVBHN-UHFFFAOYSA-N,8
1155,IQDIERHFZVCNRZ-UHFFFAOYSA-N,8
1156,KYELXPJVGNZIGC-UHFFFAOYSA-N,4
1157,ISNDTNDJSXYNKT-UHFFFAOYSA-N,8
1158,BGEBZHIAGXMEMV-UHFFFAOYSA-N,4
1159,ORBITTMJKIGFNH-UHFFFAOYSA-N,4
1160,LLEJIEBFSOEYIV-UHFFFAOYSA-N,4
1161,AQASRZOCERRGBL-UHFFFAOYSA-N,4
1162,MIJKZXWOOXIEEU-UHFFFAOYSA-N,8
1163,PEUUVVGQIVMSAW-UHFFFAOYSA-N,8
1164,HYJVYOWKYPNSTK-UHFFFAOYSA-N,8
1165,XGPBRZDOJDLKOT-UHFFFAOYSA-N,4
1166,JRIBPWOXWIRQOQ-UHFFFAOYSA-N,4
1167,XUFXOAAUWZOOIT-UHFFFAOYSA-N,8
1168,HYBRYAPKQCZIAE-UHFFFAOYSA-N,4
1169,ZTVSGQPHMUYCRS-UHFFFAOYSA-N,4
1170,PULWZCUZNRVAHT-UHFFFAOYSA-N,4
1171,GHKISGDRQRSCII-UHFFFAOYSA-N,4
1172,ZDZOTLJHXYCWBA-UHFFFAOYSA-N,8
1173,UYJLJICUXJPKTB-UHFFFAOYSA-N,4
1174,RFWGABANNQMHMZ-UHFFFAOYSA-N,7
1175,SGTCGCCQZOUMJJ-UHFFFAOYSA-N,8
1176,DHJXZSFKLJCHLH-UHFFFAOYSA-N,8
1177,GIJHDGJRTUSBJR-UHFFFAOYSA-N,8
1178,UWHUTZOCTZJUKC-UHFFFAOYSA-N,9
1179,NEFYSBQJYCICOG-UHFFFAOYSA-N,8
1180,VJILFEGOWCJNIK-UHFFFAOYSA-N,4
1181,HYFHYPWGAURHIV-UHFFFAOYSA-N,4
1182,CDRPUGZCRXZLFL-UHFFFAOYSA-N,8
1183,WHRDRHNMTIXZNY-UHFFFAOYSA-N,4
1184,UFUVJROSOIXJGR-UHFFFAOYSA-N,4
1185,LUKBXSAWLPMMSZ-UHFFFAOYSA-N,4
1186,OQYBLUDOOFOBPO-UHFFFAOYSA-N,4
1187,AYWNHWGQTMCQIV-UHFFFAOYSA-N,7
1188,WENNXORDXYGDTP-UHFFFAOYSA-N,4
1189,UILPJVPSNHJFIK-UHFFFAOYSA-N,4
1190,QVUPQEXKTXSMKX-UHFFFAOYSA-N,8
1191,ZRSNZINYAWTAHE-UHFFFAOYSA-N,4
1192,QUCQEUCGKKTEBI-UHFFFAOYSA-N,4
1193,KYWSCMDFVARMPN-UHFFFAOYSA-N,16
1194,JWVYQQGERKEAHW-UHFFFAOYSA-N,4
1195,QNBLVYVBWDIWDM-UHFFFAOYSA-N,7
1196,RNXZPKOEJUFJON-UHFFFAOYSA-N,8
1197,IKIIZLYTISPENI-UHFFFAOYSA-N,8
1198,VFLDPWHFBUODDF-UHFFFAOYSA-N,8
1199,PICOUNAPKDEPCA-UHFFFAOYSA-N,4
1200,JNLNPCNGMHKCKO-UHFFFAOYSA-N,4
1201,KFEFLPDKISUVNR-UHFFFAOYSA-N,8
1202,ZSBXGIUJOOQZMP-UHFFFAOYSA-N,8
1203,NAHTXVIXCMUDLF-UHFFFAOYSA-N,8
1204,DHNGCHLFKUPGPX-UHFFFAOYSA-N,4
1205,AALLCALQGXXWNA-UHFFFAOYSA-N,8
1206,FFDULTAFAQRACT-UHFFFAOYSA-N,15
1207,FVYXIJYOAGAUQK-UHFFFAOYSA-N,8
1208,NEMWYOKGHGSVSC-UHFFFAOYSA-N,4
1209,MMMUDYVKKPDZHS-UHFFFAOYSA-N,8
1210,FFWOKTFYGVYKIR-UHFFFAOYSA-N,8
1211,AAGFPTSOPGCENQ-UHFFFAOYSA-N,4
1212,GBABOYUKABKIAF-UHFFFAOYSA-N,4
1213,KXGHHSIMRWPVQM-UHFFFAOYSA-N,8
1214,KCDXJAYRVLXPFO-UHFFFAOYSA-N,8
1215,JXSVIVRDWWRQRT-UHFFFAOYSA-N,8
1216,FDKXTQMXEQVLRF-UHFFFAOYSA-N,4
1217,PFFOGGCBLWTCPM-UHFFFAOYSA-N,4
1218,GZSOSUNBTXMUFQ-UHFFFAOYSA-N,8
1219,QJVXKWHHAMZTBY-UHFFFAOYSA-N,8
1220,OFDWKHIQKPKRKY-UHFFFAOYSA-N,4
1221,DUBCCGAQYVUYEU-UHFFFAOYSA-N,8
1222,KYLIZBIRMBGUOP-UHFFFAOYSA-N,4
1223,SESFRYSPDFLNCH-UHFFFAOYSA-N,4
1224,KVRQGMOSZKPBNS-UHFFFAOYSA-N,8
1225,QOLRLLFJMZLYQJ-UHFFFAOYSA-N,4
1226,ORJVQPIHKOARKV-UHFFFAOYSA-N,4
1227,YCVPRTHEGLPYPB-UHFFFAOYSA-N,4
1228,VUTMUSRYWYUQIK-UHFFFAOYSA-N,8
1229,GRBKWAXRYIITKG-UHFFFAOYSA-N,4
1230,SCULJPGYOQQXTK-UHFFFAOYSA-N,4
1231,RHMXXJGYXNZAPX-UHFFFAOYSA-N,8
1232,BQPRWZCEKZLBHL-UHFFFAOYSA-N,4
1233,HYXITZLLTYIPOF-UHFFFAOYSA-N,4
1234,GYOGHROCTSEKDY-UHFFFAOYSA-N,4
1235,QXKHYNVANLEOEG-UHFFFAOYSA-N,4
1236,KBKUJJFDSHBPPA-UHFFFAOYSA-N,3
1237,IHFBPDAQLQOCBX-UHFFFAOYSA-N,9
1238,FIDOCHXHMJHKRW-UHFFFAOYSA-N,4
1239,RBBVPNQTBKHOEQ-UHFFFAOYSA-O,4
1240,AJFJTORMMHWKFW-UHFFFAOYSA-N,8
1241,HSTZMXCBWJGKHG-UHFFFAOYSA-N,8
1242,OGWKCGZFUXNPDA-UHFFFAOYSA-N,4
1243,CWMIROLCTHMEEO-UHFFFAOYSA-N,8
1244,FVFSMBDVZVUETN-UHFFFAOYSA-N,8
1245,IXQKXEUSCPEQRD-UHFFFAOYSA-N,8
1246,KUBCEEMXQZUPDQ-UHFFFAOYSA-N,4
1247,MAYJEFRPIKEYBL-UHFFFAOYSA-N,4
1248,MXXWOMGUGJBKIW-UHFFFAOYSA-N,4
1249,QJKMIJNRNRLQSS-UHFFFAOYSA-N,8
1250,LLEMSCWAKNQHHA-UHFFFAOYSA-N,4
1251,WZUODJNEIXSNEU-UHFFFAOYSA-N,4
1252,NOEGNKMFWQHSLB-UHFFFAOYSA-N,4
1253,QWQSMEDUZQDVLA-UHFFFAOYSA-N,4
1254,YVPXVXANRNDGTA-UHFFFAOYSA-N,4
1255,NBVTYGIYKCPHQN-UHFFFAOYSA-N,8
1256,CMHMMKSPYOOVGI-UHFFFAOYSA-N,8
1257,XRARAKHBJHWUHW-UHFFFAOYSA-N,4
1258,WPXIIGGPWPYUSJ-UHFFFAOYSA-N,8
1259,INYYVPJSBIVGPH-UHFFFAOYSA-N,4
1260,YPPZCRZRQHFRBH-UHFFFAOYSA-N,4
1261,QLDAACVSUMUMOR-UHFFFAOYSA-M,4
1262,OWMJDOUOHDOUFG-UHFFFAOYSA-N,4
1263,NTDLXWMIWOECHG-UHFFFAOYSA-N,4
1264,KQJSQWZMSAGSHN-UHFFFAOYSA-N,4
1265,CRSFLLTWRCYNNX-UHFFFAOYSA-N,4
1266,PCZOHLXUXFIOCF-UHFFFAOYSA-N,4
1267,WGOUYULOZZRTFS-UHFFFAOYSA-N,4
1268,XVMZDZFTCKLZTF-UHFFFAOYSA-N,7
1269,LXOPDILLGIDKLW-UHFFFAOYSA-N,9
1270,WDKYDMULARNCIS-UHFFFAOYSA-N,8
1271,ASUTZQLVASHGKV-UHFFFAOYSA-N,4
1272,WZRCQWQRFZITDX-UHFFFAOYSA-N,8
1273,UBBRXVRQZJSDAK-UHFFFAOYSA-N,4
1274,BKIACVAZUKISOR-UHFFFAOYSA-N,4
1275,BBNQQADTFFCFGB-UHFFFAOYSA-N,8
1276,AEQDJSLRWYMAQI-UHFFFAOYSA-N,12
1277,HAWSQZCWOQZXHI-UHFFFAOYSA-N,8
1278,OSCCDBFHNMXNME-UHFFFAOYSA-N,8
1279,XUCIJNAGGSZNQT-UHFFFAOYSA-N,8
1280,XXSSNTKMBVTREV-UHFFFAOYSA-N,8
1281,CULUKMPMGVXCEI-UHFFFAOYSA-N,4
1282,CWVRJTMFETXNAD-UHFFFAOYSA-N,11
1283,HJTVQHVGMGKONQ-UHFFFAOYSA-N,8
1284,VEBVPUXQAPLADL-UHFFFAOYSA-N,8
1285,ROHFNLRQFUQHCH-UHFFFAOYSA-N,9
1286,JLPDBLFIVFSOCC-UHFFFAOYSA-N,8
1287,GWTUHAXUUFROTF-UHFFFAOYSA-N,8
1288,IYKFYARMMIESOX-UHFFFAOYSA-N,4
1289,HSHNITRMYYLLCV-UHFFFAOYSA-N,8
1290,MUVGVMUWMAGNSY-UHFFFAOYSA-N,8
1291,PRZVXHGUJJPSME-UHFFFAOYSA-N,7
1292,MIBATSHDJRIUJK-UHFFFAOYSA-N,4
1293,RPPYCVULPFKBOG-UHFFFAOYSA-N,8
1294,IRZTUXPRIUZXMP-UHFFFAOYSA-N,8
1295,MPXAWSABMVLIBU-UHFFFAOYSA-N,8
1296,DBOVHQOUSDWAPQ-UHFFFAOYSA-N,8
1297,QAIPRVGONGVQAS-UHFFFAOYSA-N,9
1298,ITDOFWOJEDZPCF-UHFFFAOYSA-N,4
1299,LADJWZMBZBVBSB-UHFFFAOYSA-N,8
1300,QEVHRUUCFGRFIF-UHFFFAOYSA-N,8
1301,TZFNLOMSOLWIDK-UHFFFAOYSA-N,8
1302,XQDCKJKKMFWXGB-UHFFFAOYSA-N,8
1303,GVTRUVGBZQJVTF-UHFFFAOYSA-N,4
1304,QMQIQBOGXYYATH-UHFFFAOYSA-N,3
1305,MRIXVKKOHPQOFK-UHFFFAOYSA-N,8
1306,LIIALPBMIOVAHH-UHFFFAOYSA-N,4
1307,BLUAFEHZUWYNDE-UHFFFAOYSA-N,4
1308,FIHJKUPKCHIPAT-UHFFFAOYSA-N,3
1309,UVDQDNQWGQFIAO-UHFFFAOYSA-N,4
1310,VXHNSVKJHXSKKM-UHFFFAOYSA-N,4
1311,SZMZXQWCICMUFH-UHFFFAOYSA-N,4
1312,YDOIFHVUBCIUHF-UHFFFAOYSA-N,8
1313,SLJTWDNVZKIDAU-UHFFFAOYSA-N,4
1314,HORZNQYQXBFWNZ-UHFFFAOYSA-N,4
1315,SWUARLUWKZWEBQ-UHFFFAOYSA-N,8
1316,KJPRLNWUNMBNBZ-UHFFFAOYSA-N,4
1317,HFGSQOYIOKBQOW-UHFFFAOYSA-N,4
1318,XPJVKCRENWUEJH-UHFFFAOYSA-N,8
1319,FCHVXNVDFYXLIL-UHFFFAOYSA-N,5
1320,YRQJYHITIWJZQN-UHFFFAOYSA-N,8
1321,YJGVMLPVUAXIQN-UHFFFAOYSA-N,4
1322,RINHYCZCUGCZAJ-UHFFFAOYSA-N,8
1323,SWOVVKGLGOOUKI-UHFFFAOYSA-N,4
1324,PLQMEXSCSAIXGB-UHFFFAOYSA-N,3
1325,HVTCKKMWZDDWOY-UHFFFAOYSA-O,4
1326,RYAHJFGVOCZDEI-UHFFFAOYSA-N,4
1327,YRHWKFMGEDDGIJ-UHFFFAOYSA-N,8
1328,KBDSLGBFQAGHBE-UHFFFAOYSA-N,8
1329,IPQKDIRUZHOIOM-UHFFFAOYSA-N,8
1330,QKGJFQMGPDVOQE-UHFFFAOYSA-N,4
1331,GLWPLQBQHWYKRK-UHFFFAOYSA-N,4
1332,FBSKJMQYURKNSU-UHFFFAOYSA-N,8
1333,HHQJBWYXBWOFJY-UHFFFAOYSA-N,4
1334,FVIZARNDLVOMSU-UHFFFAOYSA-N,8
1335,ATEFPOUAMCWAQS-UHFFFAOYSA-N,8
1336,KFJNVVJUICKJEQ-UHFFFAOYSA-N,8
1337,UGVIZCBJCSXBCJ-UHFFFAOYSA-N,4
1338,BTPYUWOBZFGKAI-UHFFFAOYSA-N,8
1339,CPJKKWDCUOOTEW-UHFFFAOYSA-N,4
1340,KKSYAZCUYVRKML-UHFFFAOYSA-N,8
1341,FBSFWRHWHYMIOG-UHFFFAOYSA-N,8
1342,PZRHRDRVRGEVNW-UHFFFAOYSA-N,8
1343,ULZFTGWWPHYLGI-UHFFFAOYSA-N,4
1344,JBGYSAVRIDZNKA-UHFFFAOYSA-N,8
1345,MRQIXHXHHPWVIL-UHFFFAOYSA-N,4
1346,LWYAMIUSVGPFKS-UHFFFAOYSA-N,8
1347,DAUAQNGYDSHRET-UHFFFAOYSA-N,4
1348,YTMNONATNXDQJF-UHFFFAOYSA-N,4
1349,PXGWEUQZDRUMRE-UHFFFAOYSA-N,8
1350,NGFMICBWJRZIBI-UHFFFAOYSA-N,8
1351,OMQADRGFMLGFJF-UHFFFAOYSA-N,8
1352,VFPFQHQNJCMNBZ-UHFFFAOYSA-N,8
1353,JBTHDAVBDKKSRW-UHFFFAOYSA-N,4
1354,FNGGIPWAZSFKCN-UHFFFAOYSA-N,4
1355,YLRXAIKMLINXQY-UHFFFAOYSA-O,4
1356,KWUQFLSWWSXTSZ-UHFFFAOYSA-N,8
1357,PREBVFJICNPEKM-UHFFFAOYSA-N,8
1358,KRFBMPVGAYGGJE-UHFFFAOYSA-N,8
1359,RDJAFOWISVMOJY-UHFFFAOYSA-N,4
1360,XTSVKUJYTUPYRJ-UHFFFAOYSA-N,8
1361,RXZBMPWDPOLZGW-UHFFFAOYSA-N,8
1362,FHNINJWBTRXEBC-UHFFFAOYSA-N,4
1363,MALFODICFSIXPO-UHFFFAOYSA-N,4
1364,FRASJONUBLZVQX-UHFFFAOYSA-N,4
1365,XUHLIQGRKRUKPH-UHFFFAOYSA-N,1
1366,MXOKGWUJNGEKBH-UHFFFAOYSA-N,4
1367,BTYTWXWAFWKSTA-UHFFFAOYSA-N,8
1368,LXCFILQKKLGQFO-UHFFFAOYSA-N,4
1369,HPSWAEGGWLOOKT-UHFFFAOYSA-N,7
1370,MBRLOUHOWLUMFF-UHFFFAOYSA-N,4
1371,ZTHYODDOHIVTJV-UHFFFAOYSA-N,8
1372,RCTGMCJBQGBLKT-UHFFFAOYSA-N,4
1373,HLXRWTJXGMHOFN-UHFFFAOYSA-N,8
1374,LFKQVVDFNHDYNK-UHFFFAOYSA-N,8
1375,NUVBSKCKDOMJSU-UHFFFAOYSA-N,4
1376,SJSOFNCYXJUNBT-UHFFFAOYSA-N,4
1377,VPSSPAXIFBTOHY-UHFFFAOYSA-N,4
1378,MFIHSKBTNZNJIK-UHFFFAOYSA-N,4
1379,YKRGDOXKVOZESV-UHFFFAOYSA-N,8
1380,CMUNUTVVOOHQPW-UHFFFAOYSA-N,4
1381,LEQAKWQJCITZNK-UHFFFAOYSA-N,8
1382,KWDWBAISZWOAHD-UHFFFAOYSA-N,4
1383,QQUHMASGPODSIW-UHFFFAOYSA-N,8
1384,OCDGBSUVYYVKQZ-UHFFFAOYSA-N,4
1385,NMLUOJBSAYAYEM-UHFFFAOYSA-N,4
1386,WRZOUWHPDDOJNR-UHFFFAOYSA-N,8
1387,MDZKJHQSJHYOHJ-UHFFFAOYSA-N,4
1388,UXDFUVFNIAJEGM-UHFFFAOYSA-N,4
1389,QELSKZZBTMNZEB-UHFFFAOYSA-N,8
1390,GMTJIWUFFXGFHH-UHFFFAOYSA-N,4
1391,VCMIRXRRQJNZJT-UHFFFAOYSA-N,4
1392,RGCKGOZRHPZPFP-UHFFFAOYSA-N,8
1393,LXBIFEVIBLOUGU-UHFFFAOYSA-N,4
1394,PDAYUJSOJIMKIS-UHFFFAOYSA-N,4
1395,CBOSLVQFGANWTL-UHFFFAOYSA-N,4
1396,MKMCJLMBVKHUMS-UHFFFAOYSA-N,8
1397,GYFFKZTYYAFCTR-UHFFFAOYSA-N,8
1398,JVBLTQQBEQQLEV-UHFFFAOYSA-N,4
1399,UYCWETIUOAGWIL-UHFFFAOYSA-N,4
1400,XRDJYSVGPBJZSG-UHFFFAOYSA-N,4
1401,KQMVAGISDHMXJJ-UHFFFAOYSA-N,4
1402,UXYJCYXWJGAKQY-UHFFFAOYSA-N,4
1403,UCFGDBYHRUNTLO-UHFFFAOYSA-N,8
1404,HTBWBWWADZJXID-UHFFFAOYSA-N,4
1405,LBTVHXHERHESKG-UHFFFAOYSA-N,3
1406,PUHCFWFODBLSAP-UHFFFAOYSA-N,4
1407,RIGYMJVFEJNCKD-UHFFFAOYSA-N,4
1408,GUGHGUXZJWAIAS-UHFFFAOYSA-N,4
1409,RZUHGAKUNBFQJS-UHFFFAOYSA-N,4
1410,MWWSFMDVAYGXBV-UHFFFAOYSA-N,4
1411,HAVJATCHLFRDHY-UHFFFAOYSA-N,4
1412,NKDFYOWSKOHCCO-UHFFFAOYSA-N,8
1413,UFCLZKMFXSILNL-UHFFFAOYSA-N,16
1414,SYTYLPHCLSSCOJ-UHFFFAOYSA-N,8
1415,QTAGQHZOLRFCBU-UHFFFAOYSA-N,4
1416,JDGNFRYDHRYXNL-UHFFFAOYSA-N,4
1417,ACVGWSKVRYFWRP-UHFFFAOYSA-N,4
1418,PHASMOUKYDUAOZ-UHFFFAOYSA-N,4
1419,XAWPKHNOFIWWNZ-UHFFFAOYSA-N,4
1420,SZQWAXGDCUONOB-UHFFFAOYSA-N,8
1421,CGWKMZYZZCWGCK-UHFFFAOYSA-N,4
1422,GURKHSYORGJETM-UHFFFAOYSA-N,4
1423,LNQCUTNLHUQZLR-UHFFFAOYSA-N,8
1424,STKUCSFEBXPTAY-UHFFFAOYSA-N,8
1425,VGGGPCQERPFHOB-UHFFFAOYSA-N,8
1426,MECHNRXZTMCUDQ-UHFFFAOYSA-N,4
1427,TYNLGDBUJLVSMA-UHFFFAOYSA-N,8
1428,ARFRZOLTIRQFCI-UHFFFAOYSA-N,8
1429,CAFTUQNGDROXEZ-UHFFFAOYSA-N,8
1430,SQMGCPHFHQGPIF-UHFFFAOYSA-N,4
1431,PPCHTBBOSVKORE-UHFFFAOYSA-N,4
1432,WEEFNMFMNMASJY-UHFFFAOYSA-M,4
1433,DKZBBWMURDFHNE-UHFFFAOYSA-N,9
1434,AJSPSRWWZBBIOR-UHFFFAOYSA-N,4
1435,OVMFOVNOXASTPA-UHFFFAOYSA-N,8
1436,KFVUFODCZDRVSS-UHFFFAOYSA-N,4
1437,LBKFGYZQBSGRHY-UHFFFAOYSA-N,4
1438,LWCKQMHMTSRRAA-UHFFFAOYSA-N,4
1439,XGVJWXAYKUHDOO-UHFFFAOYSA-N,4
1440,HXTFHSYLYXVTHC-UHFFFAOYSA-N,10
1441,OMHUCGDTACNQEX-UHFFFAOYSA-N,8
1442,YRCWQPVGYLYSOX-UHFFFAOYSA-N,3
1443,BDCURAWBZJMFIK-UHFFFAOYSA-N,4
1444,RFKQJTRWODZPHF-UHFFFAOYSA-N,4
1445,HMMGKOVEOFBCAU-UHFFFAOYSA-N,8
1446,SWWQQSDRUYSMAR-UHFFFAOYSA-N,4
1447,VJJPUSNTGOMMGY-UHFFFAOYSA-N,8
1448,HPWMABTYJYZFLK-UHFFFAOYSA-N,4
1449,WZUVPPKBWHMQCE-UHFFFAOYSA-N,8
1450,KYAVLJJQNUHRMR-UHFFFAOYSA-N,8
1451,DFQOXFIPAAMFAU-UHFFFAOYSA-O,4
1452,ZYKCETVKVRJFGD-UHFFFAOYSA-N,4
1453,PEWFWDOPJISUOK-UHFFFAOYSA-N,16
1454,ZPIKVDODKLJKIN-UHFFFAOYSA-N,4
1455,LKMNXYDUQXAUCZ-UHFFFAOYSA-N,4
1456,AJPXZTKPPINUKN-UHFFFAOYSA-N,4
1457,DBXFAPJCZABTDR-UHFFFAOYSA-N,8
1458,YTHKMAIVPFVDNU-UHFFFAOYSA-N,8
1459,IXVMHGVQKLDRKH-UHFFFAOYSA-N,4
1460,LMEHVEUFNRJAAV-UHFFFAOYSA-N,9
1461,LHZZULHOQSQSJN-UHFFFAOYSA-N,8
1462,YPWHZCPMOQGCDQ-UHFFFAOYSA-N,9
1463,WTTJVINHCBCLGX-UHFFFAOYSA-N,4
1464,GKAJCVFOJGXVIA-UHFFFAOYSA-N,8
1465,RTZKSTLPRTWFEV-UHFFFAOYSA-N,4
1466,DGLDSNPMIYUWGN-UHFFFAOYSA-N,4
1467,RLQYRXCUPVKSAW-UHFFFAOYSA-M,4
1468,FNMHEHXNBNCPCI-UHFFFAOYSA-N,7
1469,GKRBWXABVALDGQ-UHFFFAOYSA-N,16
1470,NEEQFPMRODQIKX-UHFFFAOYSA-N,8
1471,OVXLNQAYPUEDSI-UHFFFAOYSA-N,4
1472,VSJKWCGYPAHWDS-UHFFFAOYSA-N,8
1473,YMNCVRSYJBNGLD-UHFFFAOYSA-N,4
1474,VRSRXLJTYQVOHC-UHFFFAOYSA-N,4
1475,KYFBXCHUXFKMGQ-UHFFFAOYSA-N,8
1476,WXCMHFPAUCOJIG-UHFFFAOYSA-N,4
1477,QRTYTQTVJQUCEP-UHFFFAOYSA-N,8
1478,FYSHYFPJBONYCQ-UHFFFAOYSA-N,4
1479,VPAOSFFTKWUGAD-UHFFFAOYSA-N,4
1480,HRSFCYYMBMDMOU-UHFFFAOYSA-N,4
1481,QYSXJUFSXHHAJI-UHFFFAOYSA-N,4
1482,KXPXJGYSEPEXMF-UHFFFAOYSA-N,4
1483,WNGSUWLDMZFYNZ-UHFFFAOYSA-N,8
1484,MYQKIWCVEPUPIL-UHFFFAOYSA-N,8
1485,YYWGABLTRMRUIT-UHFFFAOYSA-N,4
1486,DFMAXQKDIGCMTL-UHFFFAOYSA-N,4
1487,KBMSVODXFLAQNJ-UHFFFAOYSA-N,4
1488,PDHAOJSHSJQANO-UHFFFAOYSA-N,8
1489,YWPVROCHNBYFTP-UHFFFAOYSA-N,8
1490,ZWRRJEICIPUPHZ-UHFFFAOYSA-N,4
1491,BKGUPIVDQHHVMV-UHFFFAOYSA-N,4
1492,SWZMSZQQJRKFBP-UHFFFAOYSA-N,4
1493,QJJXYPPXXYFBGM-UHFFFAOYSA-N,8
1494,PYXFVCFISTUSOO-UHFFFAOYSA-N,6
1495,SOVNCTNQAWWYAQ-UHFFFAOYSA-N,8
1496,IBFYXTRXDNAPMM-UHFFFAOYSA-N,8
1497,FPUXKXIZEIDQKW-UHFFFAOYSA-N,9
1498,ANNNBEZJTNCXHY-UHFFFAOYSA-N,4
1499,ATLJNLYIJOCWJE-UHFFFAOYSA-N,4
1500,PEYUIKBAABKQKQ-UHFFFAOYSA-N,5
1501,DGHHQBMTXTWTJV-UHFFFAOYSA-N,4
1502,IQUGPRHKZNCHGC-UHFFFAOYSA-N,4
1503,HNOSJVWYGXOFRP-UHFFFAOYSA-N,8
1504,YXHVCZZLWZYHSA-UHFFFAOYSA-N,8
1505,KTEXNACQROZXEV-UHFFFAOYSA-N,4
1506,XQWBNXSENPTIDY-UHFFFAOYSA-N,4
1507,WTQYWNWRJNXDEG-UHFFFAOYSA-N,4
1508,KOOCQNIPRJEMDH-UHFFFAOYSA-N,8
1509,SQOJOAFXDQDRGF-UHFFFAOYSA-N,9
1510,UJZQBMQZMKFSRV-UHFFFAOYSA-N,8
1511,POMAQDQEVHXLGT-UHFFFAOYSA-N,10
1512,KUFXJZXMWHNCEH-UHFFFAOYSA-N,4
1513,GPTFURBXHJWNHR-UHFFFAOYSA-N,4
1514,FWCXELAAYFYCSR-UHFFFAOYSA-N,4
1515,JVTZFYYHCGSXJV-UHFFFAOYSA-N,4
1516,CZCIKBSVHDNIDH-UHFFFAOYSA-N,8
1517,WIIDBJNWXCWLKF-UHFFFAOYSA-N,8
1518,VSJGJMKGNMDJCI-UHFFFAOYSA-N,8
1519,MMTWXUQMLQGAPC-UHFFFAOYSA-N,8
1520,WKOLLVMJNQIZCI-UHFFFAOYSA-N,4
1521,ALTRINCJVPIQNK-UHFFFAOYSA-N,3
1522,QISXROCIXKXUPS-UHFFFAOYSA-N,8
1523,XVPBINOPNYFXID-UHFFFAOYSA-N,4
1524,IDQUPXZJURZAGF-UHFFFAOYSA-N,4
1525,VANSZAOQCMTTPB-UHFFFAOYSA-N,8
1526,XUHJBXVYNBQQBD-UHFFFAOYSA-N,4
1527,HXCGUCZXPFBNRD-UHFFFAOYSA-N,8
1528,YBHILYKTIRIUTE-UHFFFAOYSA-N,4
1529,GYFSYEVKFOOLFZ-UHFFFAOYSA-N,4
1530,IMKJGXCIJJXALX-UHFFFAOYSA-N,4
1531,LUXPUVKJHVUJAV-UHFFFAOYSA-M,4
1532,GVKKJJOMQCNPGB-UHFFFAOYSA-N,4
1533,MXTLAHSTUOXGQF-UHFFFAOYSA-O,4
1534,HJXMNVQARNZTEE-UHFFFAOYSA-N,4
1535,VELYAQRXBJLJAK-UHFFFAOYSA-N,8
1536,NLOAQXKIIGTTRE-UHFFFAOYSA-N,4
1537,SJJRKHVKAXVFJQ-UHFFFAOYSA-N,8
1538,LKYNAQSYQLFTCM-UHFFFAOYSA-N,8
1539,GRBHNQFQFHLCHO-UHFFFAOYSA-N,4
1540,VZRKWGPIZJDNHC-UHFFFAOYSA-N,8
1541,SBVBJPHMDABKJV-UHFFFAOYSA-N,8
1542,MWOOGOJBHIARFG-UHFFFAOYSA-N,8
1543,GHUUBYQTCDQWRA-UHFFFAOYSA-N,4
1544,RKFAZBXYICVSKP-UHFFFAOYSA-N,8
1545,QKUFZFLZBUSEHN-UHFFFAOYSA-N,4
1546,KWOLFJPFCHCOCG-UHFFFAOYSA-N,4
1547,YWJXCIXBAKGUKZ-UHFFFAOYSA-N,8
1548,ZYGHJZDHTFUPRJ-UHFFFAOYSA-N,4
1549,CUKSFECWKQBVED-UHFFFAOYSA-N,4
1550,WKUHPOMCLBLCOV-UHFFFAOYSA-N,8
1551,XYYAFLHHHZVPRN-UHFFFAOYSA-N,4
1552,JYYFMIOPGOFNPK-UHFFFAOYSA-N,2
1553,YQHMWTPYORBCMF-UHFFFAOYSA-N,8
1554,XCOJIVIDDFTHGB-UHFFFAOYSA-N,4
1555,ZDQSOHOQTUFQEM-UHFFFAOYSA-N,8
1556,WXMARHKAXWRNDM-UHFFFAOYSA-N,8
1557,TUGWPJJTQNLKCL-UHFFFAOYSA-N,8
1558,HOEVRHHMDJKUMZ-UHFFFAOYSA-N,8
1559,JKPISQIIWUONPB-UHFFFAOYSA-N,6
1560,WBYWAXJHAXSJNI-UHFFFAOYSA-N,9
1561,NXJCRELRQHZBQA-UHFFFAOYSA-N,4
1562,WQLVFSAGQJTQCK-UHFFFAOYSA-N,4
1563,QQILFGKZUJYXGS-UHFFFAOYSA-N,4
1564,QURCVMIEKCOAJU-UHFFFAOYSA-N,9
1565,WVCHIGAIXREVNS-UHFFFAOYSA-N,8
1566,UOTMYNBWXDUBNX-UHFFFAOYSA-N,4
1567,NGSWKAQJJWESNS-UHFFFAOYSA-N,14
1568,YMEVIMJAUHZFMW-UHFFFAOYSA-N,4
1569,CXBGOBGJHGGWIE-UHFFFAOYSA-N,4
1570,FBUBVLUPUDBFME-UHFFFAOYSA-N,4
1571,JLIDBLDQVAYHNE-UHFFFAOYSA-N,8
1572,YKPUWZUDDOIDPM-UHFFFAOYSA-N,6
1573,KMPWYEUPVWOPIM-UHFFFAOYSA-N,4
1574,OFEZSBMBBKLLBJ-UHFFFAOYSA-N,4
1575,IBGBGRVKPALMCQ-UHFFFAOYSA-N,8
1576,NZRDKNBIPVLNHA-UHFFFAOYSA-N,9
1577,PZSJOBKRSVRODF-UHFFFAOYSA-N,4
1578,OGBUMNBNEWYMNJ-UHFFFAOYSA-N,4
1579,DSSYKIVIOFKYAU-UHFFFAOYSA-N,3
1580,DHZBEENLJMYSHQ-UHFFFAOYSA-N,4
1581,ILEDWLMCKZNDJK-UHFFFAOYSA-N,9
1582,RGOVYLWUIBMPGK-UHFFFAOYSA-N,6
1583,MFLVZFXCSKVCSH-UHFFFAOYSA-N,4
1584,TXDUTHBFYKGSAH-UHFFFAOYSA-N,8
1585,RERZNCLIYCABFS-UHFFFAOYSA-N,4
1586,WUAXWQRULBZETB-UHFFFAOYSA-N,5
1587,CVUANYCQTOGILD-UHFFFAOYSA-N,4
1588,NITWSHWHQAQBAW-UHFFFAOYSA-N,8
1589,AMKYESDOVDKZKV-UHFFFAOYSA-N,8
1590,UQSRXQMIXSZGLA-UHFFFAOYSA-N,4
1591,QMGGMESMCJCABO-UHFFFAOYSA-N,4
1592,CUCUKLJLRRAKFN-UHFFFAOYSA-N,8
1593,HVQAJTFOCKOKIN-UHFFFAOYSA-N,4
1594,XFSBVAOIAHNAPC-UHFFFAOYSA-N,4
1595,BBFQZRXNYIEMAW-UHFFFAOYSA-N,4
1596,BHQCQFFYRZLCQQ-UHFFFAOYSA-N,9
1597,IAKHMKGGTNLKSZ-UHFFFAOYSA-N,4
1598,BURJAQFYNVMZDV-UHFFFAOYSA-N,4
1599,LJOQGZACKSYWCH-UHFFFAOYSA-N,4
1600,RQKFOGXUTRDQPB-UHFFFAOYSA-N,4
1601,JUVIOZPCNVVQFO-UHFFFAOYSA-N,8
1602,GUAFOGOEJLSQBT-UHFFFAOYSA-N,4
1603,DDNCQMVWWZOMLN-UHFFFAOYSA-N,4
1604,UIKROCXWUNQSPJ-UHFFFAOYSA-N,4
1605,UDFPKNSWSYBIHO-UHFFFAOYSA-N,4
1606,YPHMISFOHDHNIV-UHFFFAOYSA-N,4
1607,MEHUJCGAYMDLEL-UHFFFAOYSA-N,8
1608,ATJVZXXHKSYELS-UHFFFAOYSA-N,8
1609,IECPWNUMDGFDKC-UHFFFAOYSA-N,8
1610,VUVNTYCHKZBOMV-UHFFFAOYSA-N,4
1611,JIVGSHFYXPRRSZ-UHFFFAOYSA-N,4
1612,TUXHHVJPGQUPCF-UHFFFAOYSA-N,8
1613,NQWVSMVXKMHKTF-UHFFFAOYSA-N,4
1614,QMNWISYXSJWHRY-UHFFFAOYSA-N,8
1615,ZTIZEXUIEBLYBL-UHFFFAOYSA-N,8
1616,VNPLYCKZIUTKJM-UHFFFAOYSA-N,4
1617,OLOOJGVNMBJLLR-UHFFFAOYSA-N,4
1618,AKNILCMFRRDTEY-UHFFFAOYSA-N,8
1619,VDGOFNMYZYBUDT-UHFFFAOYSA-N,8
1620,YEFOAORQXAOVJQ-UHFFFAOYSA-N,4
1621,HEYZWPRKKUGDCR-UHFFFAOYSA-N,8
1622,OFUMQWOJBVNKLR-UHFFFAOYSA-N,4
1623,COCYGNDCWFKTMF-UHFFFAOYSA-N,8
1624,XOJVHLIYNSOZOO-UHFFFAOYSA-N,8
1625,YIIRVUDGRKEWBV-UHFFFAOYSA-N,4
1626,HAVWRBANWNTOJX-UHFFFAOYSA-N,8
1627,LBBJNGFCXDOYMQ-UHFFFAOYSA-N,8
1628,QFJUYMMIBFBOJY-UHFFFAOYSA-N,4
1629,SDHTXBWLVGWJFT-UHFFFAOYSA-N,8
1630,RODXRVNMMDRFIK-UHFFFAOYSA-N,8
1631,QELDJEKNFOQJOY-UHFFFAOYSA-N,4
1632,UEDUENGHJMELGK-UHFFFAOYSA-N,8
1633,ZRJBHWIHUMBLCN-UHFFFAOYSA-N,4
1634,YRECILNLFWZVRM-UHFFFAOYSA-N,4
1635,VWLXIXALPNYWFH-UHFFFAOYSA-N,8
1636,IGWDEVSBEKYORK-UHFFFAOYSA-N,8
1637,XDROKJSWHURZGO-UHFFFAOYSA-N,4
1638,AMBQHHVBBHTQBF-UHFFFAOYSA-N,8
1639,QVCMHGGNRFRMAD-UHFFFAOYSA-N,4
1640,DOUMFZQKYFQNTF-UHFFFAOYSA-N,8
1641,IIQSJHUEZBTSAT-UHFFFAOYSA-N,8
1642,RSWGJHLUYNHPMX-UHFFFAOYSA-N,4
1643,QEEBRPGZBVVINN-UHFFFAOYSA-N,4
1644,TYLVGQKNNUHXIP-UHFFFAOYSA-N,16
1645,YKOPWPOFWMYZJZ-UHFFFAOYSA-N,8
1646,SDGDWRYYHQOQOJ-UHFFFAOYSA-N,8
1647,GCJWPRRNLSHTRY-UHFFFAOYSA-N,8
1648,UFCGDBKFOKKVAC-UHFFFAOYSA-N,4
1649,JEJFTTRHGBKKEI-UHFFFAOYSA-N,4
1650,VZTUIEROBZXUFA-UHFFFAOYSA-N,4
1651,CTSPAMFJBXKSOY-UHFFFAOYSA-N,8
1652,CAULGCQHVOVVRN-UHFFFAOYSA-N,4
1653,YTXIGTCAQNODGD-UHFFFAOYSA-N,8
1654,XZGPUOQGERGURE-UHFFFAOYSA-N,8
1655,VLEUZFDZJKSGMX-UHFFFAOYSA-N,8
1656,FINHMKGKINIASC-UHFFFAOYSA-N,4
1657,RXPRRQLKFXBCSJ-UHFFFAOYSA-N,4
1658,NETSQGRTUNRXEO-UHFFFAOYSA-N,4
1659,DUAGQYUORDTXOR-UHFFFAOYSA-N,8
1660,AMOGMTLMADGEOQ-UHFFFAOYSA-N,9
1661,PSFDQSOCUJVVGF-UHFFFAOYSA-N,4
1662,GMBQZIIUCVWOCD-UHFFFAOYSA-N,4
1663,MGSZZQQRTPWMEI-UHFFFAOYSA-N,4
1664,YDDUMTOHNYZQPO-UHFFFAOYSA-N,8
1665,YWLXLRUDGLRYDR-UHFFFAOYSA-N,8
1666,RIPYIJVYDYCPKW-UHFFFAOYSA-N,4
1667,KJCDBAVVDILRMP-UHFFFAOYSA-N,8
1668,YVCVYCSAAZQOJI-UHFFFAOYSA-N,8
1669,CQJPSSJEHVNDFL-UHFFFAOYSA-N,8
1670,JPYYWXPAHJBKJX-UHFFFAOYSA-N,4
1671,NYCXYKOXLNBYID-UHFFFAOYSA-N,9
1672,SIVAITYPYQQYAP-UHFFFAOYSA-N,4
1673,OQWKEEOHDMUXEO-UHFFFAOYSA-N,4
1674,GVQOVMKBYJKZSY-UHFFFAOYSA-N,8
1675,GLACGTLACKLUJX-UHFFFAOYSA-N,8
1676,WBBVXGHSWZIJST-UHFFFAOYSA-N,8
1677,NEZONWMXZKDMKF-UHFFFAOYSA-N,12
1678,BZXULBWGROURAF-UHFFFAOYSA-N,4
1679,FMIMFCRXYXVFTA-UHFFFAOYSA-N,8
1680,KRZBCHWVBQOTNZ-UHFFFAOYSA-N,8
1681,KEOITPILCOILGM-UHFFFAOYSA-N,8
1682,QUOZWMJFTQUXON-UHFFFAOYSA-N,8
1683,JGDCRWYOMWSTFC-UHFFFAOYSA-N,8
1684,MEEXETVZNQYRSP-UHFFFAOYSA-N,8
1685,DFOCUWZXJBAUSQ-UHFFFAOYSA-N,4
1686,LZJRNLRASBVRRX-UHFFFAOYSA-N,4
1687,VOZHMAYHYHEWBW-UHFFFAOYSA-N,4
1688,XUSYGBPHQBWGAD-UHFFFAOYSA-N,8
1689,DTGZHCFJNDAHEN-UHFFFAOYSA-N,4
1690,KKPKUPKKMALLKG-UHFFFAOYSA-N,6
1691,SMTKSCGLXONVGL-UHFFFAOYSA-N,7
1692,PANKHBYNKQNAHN-UHFFFAOYSA-N,8
1693,MUCRYNWJQNHDJH-UHFFFAOYSA-N,8
1694,NDYMQXYDSVBNLL-UHFFFAOYSA-N,4
1695,QRMPRVXWPCLVNI-UHFFFAOYSA-N,4
1696,ZVXWFPTVHBWJOU-UHFFFAOYSA-N,2
1697,DKKJNZYHGRUXBS-UHFFFAOYSA-N,4
1698,LUTYTNLPIUCKBJ-UHFFFAOYSA-N,8
1699,RSIWXFIBHXYNFM-UHFFFAOYSA-N,4
1700,QEANLIISUSNNDX-UHFFFAOYSA-N,4
1701,SJWWTRQNNRNTPU-UHFFFAOYSA-N,7
1702,FMTLOAVOGWSPEF-UHFFFAOYSA-N,4
1703,VEZXFTKZUMARDU-UHFFFAOYSA-N,8
1704,BPJPBLZKOVIJQD-UHFFFAOYSA-N,8
1705,LXEVSYZNYDZSOB-UHFFFAOYSA-N,4
1706,MBYNDKVOZOAOIS-UHFFFAOYSA-N,8
1707,VLLFEMVDMFTBHG-UHFFFAOYSA-N,8
1708,GCLAFEGUXXHIFT-UHFFFAOYSA-N,8
1709,SBMXTMAIKRQSQE-UHFFFAOYSA-N,8
1710,RJANATGWWPNKAL-UHFFFAOYSA-N,8
1711,CDYBOKJASDEORM-UHFFFAOYSA-N,8
1712,YKGCBLWILMDSAV-UHFFFAOYSA-N,8
1713,CLEXYFLHGFJONT-UHFFFAOYSA-N,4
1714,KRQDMAXNTWLTDZ-UHFFFAOYSA-N,8
1715,IOLDDENZPBFBHV-UHFFFAOYSA-N,8
1716,XRYVAQQLDYTHCL-UHFFFAOYSA-N,8
1717,WBDNTJSRHDSPSR-UHFFFAOYSA-N,8
1718,FWYSBEAFFPBAQU-UHFFFAOYSA-N,4
1719,XEAQIWGXBXCYFX-UHFFFAOYSA-N,4
1720,IWRAOCFRRTWUDF-UHFFFAOYSA-N,8
1721,IDGXIXSKISLYAC-UHFFFAOYSA-N,8
1722,BXTNNJIQILYHJB-UHFFFAOYSA-N,8
1723,GTEXBOVBADJOQH-UHFFFAOYSA-N,4
1724,JMIAZDVHNCCPDM-UHFFFAOYSA-N,8
1725,IISMOXLSZASLDD-UHFFFAOYSA-N,4
1726,YGCYRQKJYWQXHG-UHFFFAOYSA-N,7
1727,FHCHSXPHLRBEBR-UHFFFAOYSA-N,8
1728,XZPNBJLXZMBECP-UHFFFAOYSA-N,9
1729,LKOJGSWUMISDOF-UHFFFAOYSA-N,9
1730,PMVCHAWVCIWVLP-UHFFFAOYSA-N,8
1731,XNGKCOFXDHYSGR-UHFFFAOYSA-N,4
1732,WRTWKAQFZYXAEJ-UHFFFAOYSA-N,8
1733,RMSKZOXJAHOIER-UHFFFAOYSA-N,8
1734,JFACETXYABVHFD-UHFFFAOYSA-N,8
1735,RBXVTEUAOTYIME-UHFFFAOYSA-N,8
1736,IQHIEHIKNWLKFB-UHFFFAOYSA-N,8
1737,IMRGSWAJVVVYOW-UHFFFAOYSA-N,8
1738,QPHXPNUXTNHJOF-UHFFFAOYSA-N,9
1739,IEBFEMIXXHIISM-UHFFFAOYSA-N,7
1740,YZMKFMIZNSOPSN-UHFFFAOYSA-N,8
1741,YCXRBCHEOFVYEN-UHFFFAOYSA-N,8
1742,HKODIGSRFALUTA-UHFFFAOYSA-N,4
1743,XZVXEPPPQBLGMQ-UHFFFAOYSA-N,4
1744,BMLIIPOXVWESJG-UHFFFAOYSA-N,8
1745,XLHIYUYCSMZCCC-UHFFFAOYSA-N,3
1746,LLPRITPJQPQXIR-UHFFFAOYSA-N,8
1747,DHQFYEJMFMYGCV-UHFFFAOYSA-N,4
1748,PBPNOAHYDPHKFH-UHFFFAOYSA-N,8
1749,FFGGWIVHOGEVSP-UHFFFAOYSA-N,9
1750,RXAXTTGJEMODPY-UHFFFAOYSA-N,8
1751,KWVISVAMQJWJSZ-UHFFFAOYSA-N,4
1752,PBSOJKPTQWWJJD-UHFFFAOYSA-N,4
1753,BCJMNZRQJAVDLD-UHFFFAOYSA-N,4
1754,DGDWCRWJRNMRKX-UHFFFAOYSA-N,8
1755,XLPAINGDLCDYQV-UHFFFAOYSA-N,8
1756,IQTTZQQJJBEAIM-UHFFFAOYSA-N,4
1757,MFMQRDLLSRLUJY-UHFFFAOYSA-N,8
1758,FHHSEFRSDKWJKJ-UHFFFAOYSA-N,8
1759,QIMGUQIHCNDUKU-UHFFFAOYSA-N,8
1760,JOKBBQPBIIZMJV-UHFFFAOYSA-N,4
1761,STFFIQHUWFISBB-UHFFFAOYSA-N,4
1762,VSUOKLTVXQRUSG-UHFFFAOYSA-N,8
1763,COVMVPHACFXMAX-UHFFFAOYSA-N,8
1764,DMLHPCALHMPJHS-UHFFFAOYSA-N,8
1765,XAIUTKHLNZBMEG-UHFFFAOYSA-N,8
1766,QJPCKAJTLHDNCS-UHFFFAOYSA-N,6
1767,QFVOYBUQQBFCRH-UHFFFAOYSA-N,4
1768,FEZDDTIDMGTSLT-UHFFFAOYSA-N,8
1769,DUBPGEJGGVZKDD-UHFFFAOYSA-N,8
1770,IRKFOLIBBQDADK-UHFFFAOYSA-N,8
1771,ZSAUXCVJDYCLRS-UHFFFAOYSA-N,8
1772,PERPNFLGJXUDDW-UHFFFAOYSA-N,8
1773,JFJWMFPFMLRLMI-UHFFFAOYSA-N,4
1774,DNJVYWXIDISQRD-UHFFFAOYSA-N,4
1775,JSXIWUDODLMCGG-UHFFFAOYSA-N,8
1776,QFPLAAZRZNKRRY-UHFFFAOYSA-N,8
1777,JEKMKNDURXDJAD-UHFFFAOYSA-N,4
1778,PCIXSTFFMHVOMF-UHFFFAOYSA-N,8
1779,FSBUXLDOLNLABB-UHFFFAOYSA-N,8
1780,AEMJDNJKSCBKRL-UHFFFAOYSA-N,4
1781,GSTCPEBQYSOEHV-UHFFFAOYSA-N,8
1782,FIWGZIBLJWZUEA-UHFFFAOYSA-N,8
1783,HGXBRUKMWQGOIE-UHFFFAOYSA-N,8
1784,MOCOVNGOINOTNW-UHFFFAOYSA-N,8
1785,GCMGJWLOGKSUGX-UHFFFAOYSA-N,4
1786,PMBOOVZSTMWOFS-UHFFFAOYSA-N,8
1787,DDGJUTBQQURRGE-UHFFFAOYSA-N,4
1788,LGZSMXJRMTYABD-UHFFFAOYSA-N,4
1789,SVHJCTSSYQPWEV-UHFFFAOYSA-N,4
1790,DTZKTJXOROSTPI-UHFFFAOYSA-N,4
1791,OGHYZHNTIINXEO-UHFFFAOYSA-N,8
1792,UCUWZJWAQQRCOR-UHFFFAOYSA-N,8
1793,GBLZBLJGCQTQMB-UHFFFAOYSA-N,8
1794,DPKVSJZTYNGFAW-UHFFFAOYSA-N,8
1795,LNIVUWPCHRNJLG-UHFFFAOYSA-N,8
1796,MQLSOVRLZHTATK-UHFFFAOYSA-N,8
1797,JLJAVUZBHSLLJL-UHFFFAOYSA-N,4
1798,GVRNTWSGBWPJGS-UHFFFAOYSA-N,4
1799,SRDNLMOBFKJOSD-UHFFFAOYSA-N,8
1800,CKEXCBVNKRHAMX-UHFFFAOYSA-N,8
1801,KVOJTUXGYQVLAJ-UHFFFAOYSA-N,8
1802,GBJKHDVRXAVITG-UHFFFAOYSA-N,4
1803,UVJYAKBJSGRTHA-UHFFFAOYSA-N,4
1804,LPZSTPCYWWRQFU-UHFFFAOYSA-N,8
1805,FPMQKXQOBKDVHF-UHFFFAOYSA-N,4
1806,AGABNGOXUSXQDD-UHFFFAOYSA-N,4
1807,VBTMMYSERQFPPK-UHFFFAOYSA-N,8
1808,XBRXLXOCHNGHBC-UHFFFAOYSA-N,4
1809,ZUGCRBMNFSAUOC-UHFFFAOYSA-N,5
1810,RBTRUVNXLDXHBJ-UHFFFAOYSA-N,8
1811,KVAQLXUMUVEKGR-UHFFFAOYSA-N,8
1812,QNVWGEJMXOQQPM-UHFFFAOYSA-N,8
1813,SFLMUHDGSQZDOW-UHFFFAOYSA-N,8
1814,DAXSYTVXDSOSIE-UHFFFAOYSA-N,4
1815,CIUHLXZTZWTVFL-UHFFFAOYSA-N,4
1816,ZMGUKFHHNQMKJI-UHFFFAOYSA-N,8
1817,CGIBCVBDFUTMPT-UHFFFAOYSA-N,9
1818,UXUFMIJZNYXWDX-UHFFFAOYSA-N,8
1819,HMUJXQRRKBLVOO-UHFFFAOYSA-N,8
1820,LZKBAGSBRBMVBE-UHFFFAOYSA-N,9
1821,XHALVRQBZGZHFE-UHFFFAOYSA-N,8
1822,WTOYNNBCKUYIKC-UHFFFAOYSA-N,4
1823,QLJNETOQFQXTLI-UHFFFAOYSA-N,9
1824,MQUFAARYGOUYEV-UHFFFAOYSA-N,8
1825,LLMCZIBSELEBMK-UHFFFAOYSA-N,8
1826,JBDMZGKDLMGOFR-UHFFFAOYSA-N,8
1827,BGXFQDFSVDZUIW-UHFFFAOYSA-N,4
1828,PTPHDVKWAYIFRX-UHFFFAOYSA-N,4
1829,KEEWIHDTSNESJZ-UHFFFAOYSA-N,8
1830,LTTQKYMNTNISSZ-UHFFFAOYSA-N,8
1831,APPXYONGBIXGRO-UHFFFAOYSA-N,8
1832,PJTYPIGQKDTERS-UHFFFAOYSA-N,4
1833,XRWQBDJPMXRDOQ-UHFFFAOYSA-N,4
1834,HCUSLQJBGQJQCB-UHFFFAOYSA-N,3
1835,PTTJLTMUKRRHAT-UHFFFAOYSA-N,8
1836,VMMZAMVBGQWOHT-UHFFFAOYSA-N,8
1837,KGNGTSCIQCLKEH-UHFFFAOYSA-N,8
1838,CSYQMTPUTVJNPT-UHFFFAOYSA-N,4
1839,LPEPZZAVFJPLNZ-UHFFFAOYSA-N,8
1840,HNJZOHHIXSIJFG-UHFFFAOYSA-N,8
1841,JBGSWIBJAGBGOP-UHFFFAOYSA-N,4
1842,JYGAZEJXUVDYHI-UHFFFAOYSA-N,8
1843,HITJFUSPLYBJPE-UHFFFAOYSA-N,8
1844,IUSBVFZKQJGVEP-UHFFFAOYSA-N,4
1845,OMOYQLRHKFGVGN-UHFFFAOYSA-N,4
1846,URQAEFLEDPPPFX-UHFFFAOYSA-N,4
1847,NSRJSISNDPOJOP-UHFFFAOYSA-N,8
1848,UWQYBLOHTQWSQD-UHFFFAOYSA-N,8
1849,NCUJRUDLFCGVOE-UHFFFAOYSA-N,8
1850,GTRLQDJSEMBQNI-UHFFFAOYSA-N,8
1851,MLKQAGPAYHTNQQ-UHFFFAOYSA-N,8
1852,RSZDAYHEZSRVHS-UHFFFAOYSA-N,4
1853,HNGAZJABJOAMSW-UHFFFAOYSA-N,8
1854,IIMWZRCCMNNCLQ-UHFFFAOYSA-N,8
1855,FIDUIAPDSKSUGO-UHFFFAOYSA-N,7
1856,CMGRMMSVGCHWOK-UHFFFAOYSA-N,8
1857,NVYMXCXFPJLTOZ-UHFFFAOYSA-N,8
1858,SHPPXMGVUDNKLV-UHFFFAOYSA-N,9
1859,PRQWQWSKFNQAOG-UHFFFAOYSA-N,9
1860,QGBCGMGBGAHJIT-UHFFFAOYSA-N,4
1861,OQPOFZJZPYRNFF-UHFFFAOYSA-N,8
1862,APZYKUZPJCQGPP-UHFFFAOYSA-N,4
1863,LQYQYAJWKXDTHR-UHFFFAOYSA-N,8
1864,AOWRAYJMTOYETH-UHFFFAOYSA-N,8
1865,MGXAKXRVQRODDX-UHFFFAOYSA-N,9
1866,SSHDNSCEQSPWIM-UHFFFAOYSA-N,8
1867,COLMVFWKLOZOOP-UHFFFAOYSA-N,9
1868,SXHOGLPTLQBGDO-UHFFFAOYSA-N,8
1869,PQCLZBCFLJVBGA-UHFFFAOYSA-N,4
1870,CBGDCCSHOGQUSW-UHFFFAOYSA-N,8
1871,KYVJVURXKAZJRK-UHFFFAOYSA-N,4
1872,HQNOUCSPWAGQND-UHFFFAOYSA-N,1
1873,FTVWIRXFELQLPI-ZDUSSCGKSA-N,1
1874,TWGSDCOCTZEWDM-UHFFFAOYSA-N,1
1875,QYKQWFZDEDFELK-UHFFFAOYSA-N,1
1876,ILYCWAKSDCYMBB-OPCMSESCSA-N,1
1877,VPZXBVLAVMBEQI-UHFFFAOYSA-N,1
1878,SMDQRGAERNMJJF-UHFFFAOYSA-N,1
1879,VHOLZZKNEBBHTH-UHFFFAOYSA-N,1
1880,PQBHGSGQZSOLIR-UHFFFAOYSA-N,1
1881,GKZIWHRNKRBEOH-UHFFFAOYSA-N,1
1882,XMBSYZWANAQXEV-UHFFFAOYSA-N,1
1883,IQHUITKNHOKGFC-UHFFFAOYSA-N,1
1884,WMDZARSFSMZOQO-UHFFFAOYSA-N,1
1885,CXISPYVYMQWFLE-UHFFFAOYSA-N,1
1886,UCGDDTHMMVWVMV-UHFFFAOYSA-N,1
1887,JWBLQDDHSDGEGR-UHFFFAOYSA-N,1
1888,RFCVXVPWSPOMFJ-UHFFFAOYSA-N,1
1889,ZKQOUHVVXABNDG-UHFFFAOYSA-N,1
1890,ROWCTNFEMKOIFQ-UHFFFAOYSA-N,1
1891,WEQJQNWXCSUVMA-UHFFFAOYSA-N,1
1892,DXYQIGZZWYBXSD-UHFFFAOYSA-N,1
1893,CTCFZNBRZBNKAX-UHFFFAOYSA-N,1
1894,LWFWZRANSFAJDR-UHFFFAOYSA-N,1
1895,AWJGUZSYVIVZGP-UHFFFAOYSA-N,1
1896,QADCERNTBWTXFV-UHFFFAOYSA-N,1
1897,XYVRXLDSCKEYES-UHFFFAOYSA-N,1
1898,LZDNBBYBDGBADK-UHFFFAOYSA-N,1
1899,MALNXHYEPCSPPU-UHFFFAOYSA-N,1
1900,OPVPGKGADVGKTG-UHFFFAOYSA-N,1
1901,KRKNYBCHXYNGOX-UHFFFAOYSA-N,6
1902,CDAISMWEOUEBRE-UHFFFAOYSA-N,1
1903,LKDRXBCSQODPBY-UHFFFAOYSA-N,1
1904,JVGVDSSUAVXRDY-UHFFFAOYSA-N,3
1905,OTCCIMWXFLJLIA-UHFFFAOYSA-N,2
1906,FEPBITJSIHRMRT-UHFFFAOYSA-N,1
1907,WBHHMMIMDMUBKC-UHFFFAOYSA-N,1
1908,QIQXTHQIDYTFRH-UHFFFAOYSA-N,2
1909,YGSDEFSMJLZEOE-UHFFFAOYSA-N,6
1910,BJEPYKJPYRNKOW-UHFFFAOYSA-N,6
1911,DRBBFCLWYRJSJZ-UHFFFAOYSA-N,1
1912,HSCJRCZFDFQWRP-UHFFFAOYSA-N,11
1913,LCTONWCANYUPML-UHFFFAOYSA-N,1
1914,LVRFTAZAXQPQHI-UHFFFAOYSA-N,1
1915,LXJXRIRHZLFYRP-UHFFFAOYSA-N,1
1916,GTZCVFVGUGFEME-UHFFFAOYSA-N,2
1917,NBSCHQHZLSJFNQ-UHFFFAOYSA-N,1
1918,FZLJPEPAYPUMMR-UHFFFAOYSA-N,1
1919,XCCTYIAWTASOJW-UHFFFAOYSA-N,1
1920,BHYOQNUELFTYRT-UHFFFAOYSA-N,1
1921,HDYANYHVCAPMJV-UHFFFAOYSA-N,2
1922,RBNPOMFGQQGHHO-UHFFFAOYSA-N,1
1923,KKSDGJDHHZEWEP-UHFFFAOYSA-N,1
1924,CIWBSHSKHKDKBQ-UHFFFAOYSA-N,2
1925,XPPKVPWEQAFLFU-UHFFFAOYSA-N,1
1926,OSJPPGNTCRNQQC-UHFFFAOYSA-N,1
1927,AEMOLEFTQBMNLQ-UHFFFAOYSA-N,5
1928,RGHNJXZEOKUKBD-UHFFFAOYSA-N,2
1929,PPQRONHOSHZGFQ-UHFFFAOYSA-N,1
1930,JDTUMPKOJBQPKX-UHFFFAOYSA-N,4
1931,WHBMMWSBFZVSSR-UHFFFAOYSA-N,3
1932,JPIJQSOTBSSVTP-UHFFFAOYSA-N,1
1933,WNLRTRBMVRJNCN-UHFFFAOYSA-N,2
1934,SRBFZHDQGSBBOR-UHFFFAOYSA-N,2
1935,JKRDADVRIYVCCY-UHFFFAOYSA-N,1
1936,TYFQFVWCELRYAO-UHFFFAOYSA-N,1
1937,FYSSBMZUBSBFJL-UHFFFAOYSA-N,1
1938,UTYVDVLMYQPLQB-UHFFFAOYSA-N,3
1939,CXMXRPHRNRROMY-UHFFFAOYSA-N,1
1940,YAADMLWHGMUGQL-UHFFFAOYSA-N,1
1941,BXFFHSIDQOFMLE-UHFFFAOYSA-N,2
1942,MAZWDMBCPDUFDJ-UHFFFAOYSA-N,1
1943,HQHCYKULIHKCEB-UHFFFAOYSA-N,1
1944,UGAGPNKCDRTDHP-UHFFFAOYSA-N,1
1945,OYHQOLUKZRVURQ-UHFFFAOYSA-N,1
1946,QQHJDPROMQRDLA-UHFFFAOYSA-N,1
1947,FBUKMFOXMZRGRB-UHFFFAOYSA-N,1
1948,YZXBAPSDXZZRGB-UHFFFAOYSA-N,1
1949,UYQGVDXDXBAABN-UHFFFAOYSA-N,1
1950,BCTXZWCPBLWCRV-UHFFFAOYSA-N,1
1951,LPDJCYFKKSLKRO-UHFFFAOYSA-N,1
1952,KOGRJTUIKPMZEJ-UHFFFAOYSA-N,1
1953,UQPHVQVXLPRNCX-UHFFFAOYSA-N,1
1954,AGGIJOLULBJGTQ-UHFFFAOYSA-N,1
1955,PHOQVHQSTUBQQK-UHFFFAOYSA-N,2
1956,VLSMHEGGTFMBBZ-UHFFFAOYSA-N,1
1957,SECPZKHBENQXJG-UHFFFAOYSA-N,1
1958,WUFPNASKMLJSND-UHFFFAOYSA-N,1
1959,UDMBCSSLTHHNCD-UHFFFAOYSA-N,4
1960,QGWNDRXFNXRZMB-UHFFFAOYSA-N,1
1961,OFBHPPMPBOJXRT-UHFFFAOYSA-N,1
1962,LQEBEXMHBLQMDB-UHFFFAOYSA-N,2
1963,MVMSCBBUIHUTGJ-UHFFFAOYSA-N,4
1964,KPGXRSRHYNQIFN-UHFFFAOYSA-N,2
1965,HWXBTNAVRSUOJR-UHFFFAOYSA-N,2
1966,JAZBEHYOTPTENJ-UHFFFAOYSA-N,1
1967,CZMRCDWAGMRECN-UHFFFAOYSA-N,5
1968,AWUCVROLDVIAJX-UHFFFAOYSA-N,1
1969,SMEROWZSTRWXGI-UHFFFAOYSA-N,1
1970,HXXFSFRBOHSIMQ-UHFFFAOYSA-N,4
1971,JXOHGGNKMLTUBP-UHFFFAOYSA-N,10
1972,NIJJYAXOARWZEE-UHFFFAOYSA-N,2
1973,FAQJJMHZNSSFSM-UHFFFAOYSA-N,3
1974,OIEDQMIEPJIRFT-UHFFFAOYSA-N,3
1975,ACFIXJIJDZMPPO-UHFFFAOYSA-N,6
1976,ZIYVHBGGAOATLY-UHFFFAOYSA-N,3
1977,GVVPGTZRZFNKDS-UHFFFAOYSA-N,3
1978,KHPXUQMNIQBQEV-UHFFFAOYSA-N,2
1979,FNZLKVNUWIIPSJ-UHFFFAOYSA-N,4
1980,VFRROHXSMXFLSN-UHFFFAOYSA-N,3
1981,PQGCEDQWHSBAJP-UHFFFAOYSA-N,3
1982,FMGSKLZLMKYGDP-UHFFFAOYSA-N,4
1983,FYGDTMLNYKFZSV-UHFFFAOYSA-N,3
1984,IWHLYPDWHHPVAA-UHFFFAOYSA-N,3
1985,FEWJPZIEWOKRBE-UHFFFAOYSA-N,6
1986,IGJQUJNPMOYEJY-UHFFFAOYSA-N,1
1987,AJQOASGWDCBKCJ-UHFFFAOYSA-N,3
1988,TYRGLVWXHJRKMT-UHFFFAOYSA-N,1
1989,ISYWECDDZWTKFF-UHFFFAOYSA-N,2
1990,LBTABPSJONFLPO-UHFFFAOYSA-N,3
1991,SBJKKFFYIZUCET-UHFFFAOYSA-N,1
1992,VBUYCZFBVCCYFD-UHFFFAOYSA-M,1
1993,VRYALKFFQXWPIH-UHFFFAOYSA-N,1
1994,SLWWJZMPHJJOPH-UHFFFAOYSA-N,1
1995,UYUXSRADSPPKRZ-UHFFFAOYSA-N,1
1996,UZTFMUBKZQVKLK-UHFFFAOYSA-N,1
1997,SNDPXSYFESPGGJ-UHFFFAOYSA-N,1
1998,XNSAINXGIQZQOO-UHFFFAOYSA-N,1
1999,BWLBGMIXKSTLSX-UHFFFAOYSA-N,1
2000,XUYJLQHKOGNDPB-UHFFFAOYSA-N,1
2001,DSLZVSRJTYRBFB-UHFFFAOYSA-N,1
2002,LRSASMSXMSNRBT-UHFFFAOYSA-N,1
2003,ASJSAQIRZKANQN-UHFFFAOYSA-N,1
2004,HHDDCCUIIUWNGJ-UHFFFAOYSA-N,1
2005,FSQQTNAZHBEJLS-UHFFFAOYSA-N,1
2006,GBFLZEXEOZUWRN-UHFFFAOYSA-N,1
2007,JCMUOFQHZLPHQP-UHFFFAOYSA-N,2
2008,MTVWFVDWRVYDOR-UHFFFAOYSA-N,1
2009,XQXPVVBIMDBYFF-UHFFFAOYSA-N,1
2010,FJKROLUGYXJWQN-UHFFFAOYSA-N,7
2011,YQUVCSBJEUQKSH-UHFFFAOYSA-N,6
2012,CJBDUOMQLFKVQC-UHFFFAOYSA-N,1
2013,RGHMISIYKIHAJW-UHFFFAOYSA-N,2
2014,FBZONXHGGPHHIY-UHFFFAOYSA-N,1
2015,OKVJCVWFVRATSG-UHFFFAOYSA-N,1
2016,QNAYBMKLOCPYGJ-UHFFFAOYSA-N,1
2017,KDYFGRWQOYBRFD-UHFFFAOYSA-N,1
2018,UCMIRNVEIXFBKS-UHFFFAOYSA-N,1
2019,JVTAAEKCZFNVCJ-UHFFFAOYSA-N,1
2020,UFIVEPVSAGBUSI-UHFFFAOYSA-N,1
2021,OFOBLEOULBTSOW-UHFFFAOYSA-N,1
2022,AAWZDTNXLSGCEK-UHFFFAOYSA-N,6
2023,UIUJIQZEACWQSV-UHFFFAOYSA-N,1
2024,DHMQDGOQFOQNFH-UHFFFAOYSA-N,1
2025,XEYBRNLFEZDVAW-UHFFFAOYSA-N,1
2026,GNGACRATGGDKBX-UHFFFAOYSA-N,1
2027,GXIURPTVHJPJLF-UHFFFAOYSA-N,1
2028,UIUJIQZEACWQSV-UHFFFAOYSA-M,1
2029,WXUAQHNMJWJLTG-UHFFFAOYSA-N,1
2030,CZWCKYRVOZZJNM-UHFFFAOYSA-N,1
2031,NUHSROFQTUXZQQ-UHFFFAOYSA-N,1
2032,CUOKHACJLGPRHD-UHFFFAOYSA-N,1
2033,CRFNGMNYKDXRTN-UHFFFAOYSA-N,1
2034,BERBFZCUSMQABM-UHFFFAOYSA-N,1
2035,WLJVXDMOQOGPHL-UHFFFAOYSA-N,1
2036,WGNAKZGUSRVWRH-UHFFFAOYSA-N,1
2037,GOLXRNDWAUTYKT-UHFFFAOYSA-N,2
2038,BKAJNAXTPSGJCU-UHFFFAOYSA-N,1
2039,AXFYFNCPONWUHW-UHFFFAOYSA-N,2
2040,FVMDYYGIDFPZAX-UHFFFAOYSA-N,2
2041,CCVYRRGZDBSHFU-UHFFFAOYSA-N,2
2042,IETVQHUKTKKBFF-UHFFFAOYSA-N,2
2043,DWZGLEPNCRFCEP-UHFFFAOYSA-N,2
2044,DQQDLYVHOTZLOR-UHFFFAOYSA-N,1
2045,SZHOJFHSIKHZHA-UHFFFAOYSA-N,1
2046,POULHZVOKOAJMA-UHFFFAOYSA-N,1
2047,TUNFSRHWOTWDNC-UHFFFAOYSA-N,1
2048,GHVNFZFCNZKVNT-UHFFFAOYSA-N,1
2049,QZZGJDVWLFXDLK-UHFFFAOYSA-N,1
2050,ZDPHROOEEOARMN-UHFFFAOYSA-N,1
2051,UKMSUNONTOPOIO-UHFFFAOYSA-N,1
2052,KEMQGTRYUADPNZ-UHFFFAOYSA-N,1
2053,GWHCXVQVJPWHRF-UHFFFAOYSA-N,1
2054,JZMVGKUGUWBISQ-UHFFFAOYSA-N,1
2055,JPNPIRVRGLGTRE-UHFFFAOYSA-N,1
2056,HOBAELRKJCKHQD-UHFFFAOYSA-N,1
2057,YEKFYCQGYMVFKR-UHFFFAOYSA-N,1
2058,SGTUDMPUJCDZHD-UHFFFAOYSA-N,1
2059,VCKGBSZMAQFHBF-UHFFFAOYSA-N,1
2060,OBQMLSFOUZUIOB-UHFFFAOYSA-N,1
2061,SVRBKLJIDJHADS-UHFFFAOYSA-N,1
2062,SAHCQBPGXQFTRA-UHFFFAOYSA-N,1
2063,UGDOFRYHDCDVHD-UHFFFAOYSA-N,1
2064,XHWSRRGLFMDBOB-UHFFFAOYSA-N,1
2065,HLISFLFEEBTXRV-UHFFFAOYSA-N,1
2066,JZWNYZVVZXZRRH-UHFFFAOYSA-N,1
2067,LXUGKKVCSTYZFK-UHFFFAOYSA-N,1
2068,LBUGPTQSMSJVAG-UHFFFAOYSA-N,1
2069,YXHJYKSYLCWEIZ-UHFFFAOYSA-N,1
2070,ZKGGMMGBNKHRSC-UHFFFAOYSA-N,1
2071,RPXHXZNGZBHSMJ-UHFFFAOYSA-N,2
2072,DSOWUEHXZJUNID-UHFFFAOYSA-N,1
2073,LNJNONCNASQZOB-UHFFFAOYSA-N,1
2074,RVNBVQKDPQVSOY-UHFFFAOYSA-N,1
2075,QULMFYLWLOKODU-UHFFFAOYSA-N,1
2076,PYVRVRFVLRNJLY-UHFFFAOYSA-N,1
2077,KCWGBXXAJHVZNN-UHFFFAOYSA-N,1
2078,UEONHLLDVDPRRN-UHFFFAOYSA-N,1
2079,QJHRNPQXCMXOOH-UHFFFAOYSA-N,1
2080,JEAGLCKGAKACCE-UHFFFAOYSA-N,1
2081,ZMHRXVSSWJALGN-UHFFFAOYSA-N,1
2082,NJHKGJJIKOCCMZ-UHFFFAOYSA-N,1
2083,JSKJPUCKVIJTKI-UHFFFAOYSA-N,1
2084,VEEHTGYBVMTAAF-UHFFFAOYSA-N,1
2085,FQQQKGAFQIIGLQ-UHFFFAOYSA-N,1
2086,HFJVKBVEKQHVTO-UHFFFAOYSA-N,1
2087,GXPOZJZFGYCEMT-UHFFFAOYSA-N,1
2088,ALJXGNMOATZBMV-UHFFFAOYSA-N,1
2089,MGCOSBZSSKOQOR-UHFFFAOYSA-N,1
2090,JARWVWSFACEHPI-UHFFFAOYSA-N,1
2091,KNQQEDTUCAXLKN-UHFFFAOYSA-N,1
2092,DKQHHQKSUPFNHU-UHFFFAOYSA-N,1
2093,CAPHXUZAFHNJAV-UHFFFAOYSA-N,1
2094,FOMCCFMAUZQZQM-UHFFFAOYSA-N,1
2095,SPBHPXJUCMIVGQ-UHFFFAOYSA-N,1
2096,XIVOBOJQPNEUSC-UHFFFAOYSA-N,1
2097,GXWJRGLFYSTLKU-UHFFFAOYSA-N,1
2098,FZUFCKYWYUGORZ-UHFFFAOYSA-N,1
2099,GLGQZYWTNAOWHT-UHFFFAOYSA-N,2
2100,LPQBQFLKBCPNAV-UHFFFAOYSA-N,2
2101,PIVUMJCNAUHUPL-UHFFFAOYSA-N,1
2102,PHPWRSKRTHPSCT-UHFFFAOYSA-N,2
2103,IJTWJFQIBBDJJI-UHFFFAOYSA-N,1
2104,ADNZOMZMSANELY-UHFFFAOYSA-N,1
2105,QXOXODCLNBXHKD-UHFFFAOYSA-N,1
2106,ZMXCBULTCNKPFC-UHFFFAOYSA-N,1
2107,IACXMECMZISNLR-UHFFFAOYSA-N,1
2108,JQYVZBJAEMGICC-UHFFFAOYSA-N,1
2109,LUTDZDAPSDZVAL-UHFFFAOYSA-N,1
2110,IQCRPCJDPOCRDZ-UHFFFAOYSA-N,1
2111,WVMGNTLVBBZPKS-UHFFFAOYSA-N,1
2112,DSSLARKCOKEORS-UHFFFAOYSA-N,1
2113,HMEVUVNQDXCEJS-UHFFFAOYSA-N,1
2114,RBXXJOPBVLMRSZ-UHFFFAOYSA-N,1
2115,WQWSUENXYNSINA-UHFFFAOYSA-N,1
2116,GHDPWZXAKQIRIU-UHFFFAOYSA-N,1
2117,IZDRGPDUDLWAGR-UHFFFAOYSA-N,1
2118,GTUVDMUYRYBFAU-UHFFFAOYSA-N,1
2119,BRYOYMHQKFZILR-UHFFFAOYSA-N,1
2120,HBZNVZIRJWODIB-UHFFFAOYSA-N,1
2121,MLYDZMPNTAJTBN-UHFFFAOYSA-N,1
2122,DRIVXEVMDWCWLI-UHFFFAOYSA-N,1
2123,BCWWDWIJORDPRN-UHFFFAOYSA-N,1
2124,BIABMEZBCHDPBV-UHFFFAOYSA-N,1
2125,CAKDJPLPYOYWLK-UHFFFAOYSA-N,1
2126,MXXBXORMSDVEFW-UHFFFAOYSA-N,2
2127,ATBOMIWRCZXYSZ-UHFFFAOYSA-N,1
2128,PAZGBAOHGQRCBP-UHFFFAOYSA-N,1
2129,WKALGINGACATDH-UHFFFAOYSA-N,2
2130,XAUQEXCGLQPOMJ-UHFFFAOYSA-N,1
2131,AKWGRDPPGYFWIW-UHFFFAOYSA-N,1
2132,KBDCFYFMQOAHAN-UHFFFAOYSA-N,1
2133,YEAIPFFGULDBAZ-UHFFFAOYSA-N,1
2134,MMWTVDJVEFZVRA-UHFFFAOYSA-N,1
2135,HUFCXYMYEWLLHT-UHFFFAOYSA-N,1
2136,FYJGEHHLYUAEHD-UHFFFAOYSA-N,2
2137,GGSONEYZZWVXFY-UHFFFAOYSA-N,1
2138,RFLWIJWAYRMGMD-UHFFFAOYSA-N,1
2139,DIIBXLYKUBSNCW-UHFFFAOYSA-N,1
2140,GMXYXYLCBAOPHA-UHFFFAOYSA-N,1
2141,OVDMUXRSPUOSPG-UHFFFAOYSA-N,1
2142,FZJRPYWBMGYDIA-UHFFFAOYSA-N,1
2143,JAMPNNNOPHDTDM-UHFFFAOYSA-N,1
2144,CLQKBJHAUYGCOB-UHFFFAOYSA-N,1
2145,YOHOWLRHMIRGCZ-UHFFFAOYSA-N,1
2146,XQXWFFYAPKKNAR-UHFFFAOYSA-N,1
2147,OJQXZYUQNOHGMR-UHFFFAOYSA-N,1
2148,AWPISBXDIROAIJ-UHFFFAOYSA-N,1
2149,BSNJSZUDOMPYIR-UHFFFAOYSA-N,2
2150,DKLQKRSJZISZKW-UHFFFAOYSA-N,1
2151,SVOUGFFDROZBJI-UHFFFAOYSA-N,2
2152,LYYHRRPTEXPVOR-UHFFFAOYSA-N,2
2153,LHCZDUCPSRJDJT-UHFFFAOYSA-N,1
2154,PTPWSDSJXNKQIC-UHFFFAOYSA-N,1
2155,PSYBVECDCRLWFY-UHFFFAOYSA-N,1
2156,ZSISRFYBUJGSHD-UHFFFAOYSA-N,1
2157,XJCOWHHMMBKIKB-UHFFFAOYSA-N,1
2158,GHQNERCMPIDAAU-UHFFFAOYSA-N,1
2159,VHCFOXWHBIUJJP-UHFFFAOYSA-N,1
2160,VBYJZYPORIQRSX-UHFFFAOYSA-N,1
2161,PQEYJCHVTWVVAP-UHFFFAOYSA-N,1
2162,KRGBDQLFUKCQPF-UHFFFAOYSA-N,1
2163,XSAFRXKUAFDXEW-UHFFFAOYSA-N,1
2164,BLJBKYUMFRTWIY-UHFFFAOYSA-N,1
2165,XHDLVPBYYOZOTC-UHFFFAOYSA-N,1
2166,QRSHKROOJVNJFH-UHFFFAOYSA-N,1
2167,YZCFGWIVGCCHNO-UHFFFAOYSA-N,1
2168,DAORSOVQTZKARF-UHFFFAOYSA-N,1
2169,WTBFLCSPLLEDEM-UHFFFAOYSA-N,1
2170,AJFWREUFUPEYII-UHFFFAOYSA-N,1
2171,CDQFEMZFLZBHOU-UHFFFAOYSA-N,1
2172,IGMNYECMUMZDDF-UHFFFAOYSA-N,1
2173,IJFXRHURBJZNAO-UHFFFAOYSA-N,1
2174,NLDDIKRKFXEWBK-UHFFFAOYSA-N,5
2175,LNTHITQWFMADLM-UHFFFAOYSA-N,5
2176,ZJDOESGVOWAULF-UHFFFAOYSA-N,5
2177,NRPKURNSADTHLJ-UHFFFAOYSA-N,5
2178,ZJSJQWDXAYNLNS-UHFFFAOYSA-N,5
2179,WQGWDDDVZFFDIG-UHFFFAOYSA-N,5
2180,DTNSOISBYQKHCS-UHFFFAOYSA-N,5
2181,FAZBDRGXCKPVJU-UHFFFAOYSA-N,1
2182,RZDCKQARKXMIQI-UHFFFAOYSA-N,1
2183,AXKVUJMUBAXXKG-UHFFFAOYSA-N,1
2184,LAYXSTYJRSVXIH-UHFFFAOYSA-N,1
2185,WRGQSWVCFNIUNZ-UHFFFAOYSA-N,1
2186,ZQTAMPRZFOOEEP-UHFFFAOYSA-N,1
2187,XBFQFMCUPHZKTI-UHFFFAOYSA-N,1
2188,YQMUIZXKIKXZHD-UHFFFAOYSA-N,1
2189,NSSGSPXMZNTFGQ-UHFFFAOYSA-N,1
2190,SXZROCCJAXIELP-UHFFFAOYSA-N,1
2191,ULMCWXSKECNYKU-UHFFFAOYSA-N,1
2192,WNCZADHGEMOMDT-UHFFFAOYSA-N,1
2193,OBXRDFNCKFWKNY-UHFFFAOYSA-N,1
2194,KDFIYBDWNQKADP-UHFFFAOYSA-N,1
2195,YQISKVDQGRCZBE-UHFFFAOYSA-N,1
2196,FBAPNCMXWMGHJY-UHFFFAOYSA-N,1
2197,SVTCSHZHAPWHDA-UHFFFAOYSA-N,1
2198,ZEFGRNLJASLRBZ-UHFFFAOYSA-N,1
2199,JPRWHUSRRGNLOV-UHFFFAOYSA-N,1
2200,DSNRWDQKZIEDDB-UHFFFAOYSA-N,1
2201,BEDYBJZBZOMKHV-UHFFFAOYSA-N,1
2202,KJNNVQUIAXVMMQ-UHFFFAOYSA-N,1
2203,UTXXKYMLBDGHPQ-UHFFFAOYSA-N,1
2204,WATWQPIYNQFTJA-UHFFFAOYSA-N,1
2205,DVEBBHRIWHDRGW-UHFFFAOYSA-N,1
2206,QAWXBJDYTIBLRK-UHFFFAOYSA-N,1
2207,PDLAMJKMOKWLAJ-UHFFFAOYSA-N,1
2208,JQEFRKPLHFKTFL-UHFFFAOYSA-N,4
2209,RWNHLTKFBKYDOJ-UHFFFAOYSA-N,4
2210,LTMHDMANZUZIPE-UHFFFAOYSA-N,4
2211,MITBZAODGSBUIS-UHFFFAOYSA-N,4
2212,FHIJMQWMMZEFBL-UHFFFAOYSA-N,4
2213,KBPUBCVJHFXPOC-UHFFFAOYSA-N,4
2214,YDDGKXBLOXEEMN-UHFFFAOYSA-N,4
2215,ZMMKVDBZTXUHFO-UHFFFAOYSA-M,4
2216,IBIPGYWNOBGEMH-UHFFFAOYSA-N,4
2217,WYDPEADEZMZKNM-UHFFFAOYSA-N,4
2218,VVOAZFWZEDHOOU-UHFFFAOYSA-N,4
2219,KEABDZDFSMGRQX-UHFFFAOYSA-N,4
2220,ILRCGYURZSFMEG-UHFFFAOYSA-N,4
2221,BOJKULTULYSRAS-UHFFFAOYSA-N,4
2222,HSWIRQIYASIOBE-UHFFFAOYSA-N,4
2223,WHWWQGPCTUQCMN-UHFFFAOYSA-N,4
2224,XUWSHXDEJOOIND-UHFFFAOYSA-N,4
2225,OLZAGZCCJJBKNZ-UHFFFAOYSA-N,4
2226,KZLDMAIXPXOZCX-UHFFFAOYSA-N,4
2227,FZWBNHMXJMCXLU-UHFFFAOYSA-N,4
2228,HWYBGIDROCYPOE-UHFFFAOYSA-N,4
2229,YMWRMAOPKNYHMZ-UHFFFAOYSA-N,4
2230,WRYJYFCCMSVEPQ-UHFFFAOYSA-N,4
2231,YMGFTDKNIWPMGF-UHFFFAOYSA-N,4
2232,YDQWDHRMZQUTBA-UHFFFAOYSA-N,4
2233,KWBPKUMWVXUSCA-UHFFFAOYSA-N,4
2234,ZYEMGPIYFIJGTP-UHFFFAOYSA-N,4
2235,JUUBCHWRXWPFFH-UHFFFAOYSA-N,4
2236,NRPFNQUDKRYCNX-UHFFFAOYSA-N,4
2237,TUSDEZXZIZRFGC-UHFFFAOYSA-N,4
2238,DTOUWTJYUCZJQD-UHFFFAOYSA-N,4
2239,KPDOJFFZKAUIOE-UHFFFAOYSA-N,3
2240,FYZYXYLPBWLLGI-UHFFFAOYSA-N,4
2241,FJCUPROCOFFUSR-UHFFFAOYSA-N,4
2242,AGBCLJAHARWNLA-UHFFFAOYSA-N,8
2243,BJDCWCLMFKKGEE-UHFFFAOYSA-N,4
2244,SWIROVJVGRGSPO-UHFFFAOYSA-N,4
2245,KHPCPRHQVVSZAH-UHFFFAOYSA-N,4
2246,WEYVVCKOOFYHRW-UHFFFAOYSA-N,4
2247,RWXIFXNRCLMQCD-UHFFFAOYSA-N,8
2248,QBKSWRVVCFFDOT-UHFFFAOYSA-N,4
2249,MUPFEKGTMRGPLJ-UHFFFAOYSA-N,4
2250,YTZSBJLNMIQROD-UHFFFAOYSA-N,4
2251,RAQNTCRNSXYLAH-UHFFFAOYSA-N,4
2252,CKUVNOCSBYYHIS-UHFFFAOYSA-N,8
2253,UZIOUZHBUYLDHW-UHFFFAOYSA-N,4
2254,JNNGEAWILNVFFD-UHFFFAOYSA-N,4
2255,FLDFNEBHEXLZRX-UHFFFAOYSA-N,4
2256,AQFATIOBERWBDY-UHFFFAOYSA-N,4
2257,XNGXWSFSJIQMNC-UHFFFAOYSA-N,4
2258,RJWJHRPNHPHBRN-UHFFFAOYSA-N,4
2259,FNIRVWPHRMMRQI-UHFFFAOYSA-N,4
2260,CYJWWQALTIKOAG-UHFFFAOYSA-N,4
2261,CZSBHMFVVLYIQQ-UHFFFAOYSA-N,4
2262,BJRNKVDFDLYUGJ-UHFFFAOYSA-N,4
2263,VVBWBGOEAVGFTN-UHFFFAOYSA-N,4
2264,FLIACVVOZYBSBS-UHFFFAOYSA-N,4
2265,WXHUQVMHWUQNTG-UHFFFAOYSA-N,4
2266,DGABKXLVXPYZII-UHFFFAOYSA-N,3
2267,DBJLNNAUDGIUAE-UHFFFAOYSA-N,4
2268,CWHJIJJSDGEHNS-UHFFFAOYSA-N,4
2269,YOSRLTNUOCHBEA-UHFFFAOYSA-N,4
2270,IXORZMNAPKEEDV-UHFFFAOYSA-N,4
2271,PRAUVHZJPXOEIF-UHFFFAOYSA-N,4
2272,KXGVEGMKQFWNSR-UHFFFAOYSA-N,4
2273,WDJUZGPOPHTGOT-UHFFFAOYSA-N,4
2274,FCDLCPWAQCPTKC-UHFFFAOYSA-N,4
2275,DATAGRPVKZEWHA-UHFFFAOYSA-N,4
2276,PUQSUZTXKPLAPR-UHFFFAOYSA-N,4
2277,AGBQKNBQESQNJD-UHFFFAOYSA-N,4
2278,QBPFLULOKWLNNW-UHFFFAOYSA-N,4
2279,YURJSTAIMNSZAE-UHFFFAOYSA-N,4
2280,LHDWRKICQLTVDL-UHFFFAOYSA-N,4
2281,PAFLSMZLRSPALU-UHFFFAOYSA-N,4
2282,LARPFJIXBULVPK-UHFFFAOYSA-N,4
2283,SWGKAHCIOQPKFW-UHFFFAOYSA-N,4
2284,KHSCYOFDKADJDJ-UHFFFAOYSA-N,4
2285,IRSFLDGTOHBADP-UHFFFAOYSA-N,4
2286,XJMPAUZQVRGFRE-UHFFFAOYSA-N,4
2287,GMMLNKINDDUDCF-UHFFFAOYSA-N,4
2288,SLAWMGMTBGDBFT-UHFFFAOYSA-N,4
2289,UUDZDKPKXAEKLA-UHFFFAOYSA-N,3
2290,ZPEADZHVGOCGKH-UHFFFAOYSA-N,4
2291,BBUQNXDJRVCZTI-UHFFFAOYSA-N,4
2292,ONMDPPVVEFWDOD-UHFFFAOYSA-N,4
2293,YSIFYNVXJOGADM-UHFFFAOYSA-N,4
2294,WSGPLSDARZNMCW-UHFFFAOYSA-N,4
2295,WTCVROXOIQEIRC-UHFFFAOYSA-N,4
2296,XKXYJTIBKZGIPR-UHFFFAOYSA-N,4
2297,PQHNJDATPYXLIX-UHFFFAOYSA-N,4
2298,QGVLYPPODPLXMB-UHFFFAOYSA-N,4
2299,HBYKIOIUVMDUIK-UHFFFAOYSA-N,4
